battery_id,file_name,image_id
45,RGB_cell_cylindrical_0045_153.png,603
45,RGB_cell_cylindrical_0045_298.png,748
45,RGB_cell_cylindrical_0045_296.png,746
45,RGB_cell_cylindrical_0045_154.png,604
45,RGB_cell_cylindrical_0045_287.png,737
45,RGB_cell_cylindrical_0045_284.png,734
45,RGB_cell_cylindrical_0045_290.png,740
45,RGB_cell_cylindrical_0045_156.png,606
46,RGB_cell_cylindrical_0046_028.png,780
46,RGB_cell_cylindrical_0046_033.png,785
46,RGB_cell_cylindrical_0046_031.png,783
46,RGB_cell_cylindrical_0046_027.png,779
46,RGB_cell_cylindrical_0046_032.png,784
60,RGB_cell_cylindrical_0060_267.png,6908
60,RGB_cell_cylindrical_0060_264.png,6905
60,RGB_cell_cylindrical_0060_272.png,6913
60,RGB_cell_cylindrical_0060_119.png,6760
60,RGB_cell_cylindrical_0060_135.png,6776
60,RGB_cell_cylindrical_0060_253.png,6894
60,RGB_cell_cylindrical_0060_126.png,6767
60,RGB_cell_cylindrical_0060_254.png,6895
82,RGB_cell_cylindrical_0082_051.png,3219
82,RGB_cell_cylindrical_0082_049.png,3217
94,RGB_cell_cylindrical_0094_183.png,11958
94,RGB_cell_cylindrical_0094_191.png,11966
94,RGB_cell_cylindrical_0094_186.png,11961
94,RGB_cell_cylindrical_0094_177.png,11952
94,RGB_cell_cylindrical_0094_188.png,11963
247,RGB_cell_cylindrical_0247_084.png,83
247,RGB_cell_cylindrical_0247_092.png,91
247,RGB_cell_cylindrical_0247_022.png,21
247,RGB_cell_cylindrical_0247_093.png,92
247,RGB_cell_cylindrical_0247_029.png,28
247,RGB_cell_cylindrical_0247_082.png,81
247,RGB_cell_cylindrical_0247_042.png,41
247,RGB_cell_cylindrical_0247_038.png,37
466,RGB_cell_cylindrical_0466_010.png,15804
477,RGB_cell_cylindrical_0477_203.png,18681
477,RGB_cell_cylindrical_0477_191.png,18669
477,RGB_cell_cylindrical_0477_209.png,18687
477,RGB_cell_cylindrical_0477_057.png,18535
477,RGB_cell_cylindrical_0477_074.png,18552
477,RGB_cell_cylindrical_0477_086.png,18564
477,RGB_cell_cylindrical_0477_064.png,18542
477,RGB_cell_cylindrical_0477_095.png,18573
511,RGB_cell_cylindrical_0511_115.png,25753
511,RGB_cell_cylindrical_0511_108.png,25746
511,RGB_cell_cylindrical_0511_119.png,25757
511,RGB_cell_cylindrical_0511_120.png,25758
511,RGB_cell_cylindrical_0511_110.png,25748
511,RGB_cell_cylindrical_0511_109.png,25747
511,RGB_cell_cylindrical_0511_118.png,25756
511,RGB_cell_cylindrical_0511_114.png,25752
536,RGB_cell_cylindrical_0536_007.png,32501
536,RGB_cell_cylindrical_0536_014.png,32508
536,RGB_cell_cylindrical_0536_274.png,32768
536,RGB_cell_cylindrical_0536_145.png,32639
536,RGB_cell_cylindrical_0536_106.png,32600
536,RGB_cell_cylindrical_0536_285.png,32779
536,RGB_cell_cylindrical_0536_148.png,32642
536,RGB_cell_cylindrical_0536_277.png,32771
537,RGB_cell_cylindrical_0537_072.png,32864
537,RGB_cell_cylindrical_0537_079.png,32871
537,RGB_cell_cylindrical_0537_113.png,32905
537,RGB_cell_cylindrical_0537_089.png,32881
537,RGB_cell_cylindrical_0537_097.png,32889
537,RGB_cell_cylindrical_0537_263.png,33055
537,RGB_cell_cylindrical_0537_247.png,33039
537,RGB_cell_cylindrical_0537_106.png,32898
543,RGB_cell_cylindrical_0543_288.png,34868
543,RGB_cell_cylindrical_0543_290.png,34870
543,RGB_cell_cylindrical_0543_119.png,34699
543,RGB_cell_cylindrical_0543_292.png,34872
543,RGB_cell_cylindrical_0543_152.png,34732
543,RGB_cell_cylindrical_0543_155.png,34735
543,RGB_cell_cylindrical_0543_121.png,34701
543,RGB_cell_cylindrical_0543_120.png,34700
545,RGB_cell_cylindrical_0545_197.png,35076
545,RGB_cell_cylindrical_0545_196.png,35075
614,RGB_cell_cylindrical_0614_258.png,45776
614,RGB_cell_cylindrical_0614_257.png,45775
614,RGB_cell_cylindrical_0614_246.png,45764
614,RGB_cell_cylindrical_0614_256.png,45774
614,RGB_cell_cylindrical_0614_253.png,45771
614,RGB_cell_cylindrical_0614_248.png,45766
614,RGB_cell_cylindrical_0614_247.png,45765
614,RGB_cell_cylindrical_0614_259.png,45777
630,RGB_cell_cylindrical_0630_239.png,60788
630,RGB_cell_cylindrical_0630_259.png,60808
630,RGB_cell_cylindrical_0630_238.png,60787
630,RGB_cell_cylindrical_0630_255.png,60804
630,RGB_cell_cylindrical_0630_228.png,60777
630,RGB_cell_cylindrical_0630_244.png,60793
630,RGB_cell_cylindrical_0630_249.png,60798
630,RGB_cell_cylindrical_0630_256.png,60805
697,RGB_cell_cylindrical_0697_132.png,36970
709,RGB_cell_cylindrical_0709_275.png,40413
709,RGB_cell_cylindrical_0709_276.png,40414
709,RGB_cell_cylindrical_0709_279.png,40417
921,RGB_cell_cylindrical_0921_031.png,51513
921,RGB_cell_cylindrical_0921_009.png,51491
921,RGB_cell_cylindrical_0921_191.png,51673
921,RGB_cell_cylindrical_0921_262.png,51744
921,RGB_cell_cylindrical_0921_298.png,51780
921,RGB_cell_cylindrical_0921_250.png,51732
921,RGB_cell_cylindrical_0921_239.png,51721
921,RGB_cell_cylindrical_0921_189.png,51671
922,RGB_cell_cylindrical_0922_031.png,51815
922,RGB_cell_cylindrical_0922_009.png,51793
922,RGB_cell_cylindrical_0922_191.png,51975
922,RGB_cell_cylindrical_0922_262.png,52046
922,RGB_cell_cylindrical_0922_298.png,52082
922,RGB_cell_cylindrical_0922_250.png,52034
922,RGB_cell_cylindrical_0922_239.png,52023
922,RGB_cell_cylindrical_0922_189.png,51973
923,RGB_cell_cylindrical_0923_033.png,52119
923,RGB_cell_cylindrical_0923_009.png,52095
923,RGB_cell_cylindrical_0923_118.png,52204
923,RGB_cell_cylindrical_0923_138.png,52224
923,RGB_cell_cylindrical_0923_133.png,52219
923,RGB_cell_cylindrical_0923_217.png,52303
923,RGB_cell_cylindrical_0923_294.png,52380
923,RGB_cell_cylindrical_0923_109.png,52195
924,RGB_cell_cylindrical_0924_031.png,52419
924,RGB_cell_cylindrical_0924_007.png,52395
924,RGB_cell_cylindrical_0924_191.png,52579
924,RGB_cell_cylindrical_0924_262.png,52650
924,RGB_cell_cylindrical_0924_296.png,52684
924,RGB_cell_cylindrical_0924_248.png,52636
924,RGB_cell_cylindrical_0924_237.png,52625
924,RGB_cell_cylindrical_0924_187.png,52575
925,RGB_cell_cylindrical_0925_031.png,52721
925,RGB_cell_cylindrical_0925_009.png,52699
925,RGB_cell_cylindrical_0925_191.png,52881
925,RGB_cell_cylindrical_0925_262.png,52952
925,RGB_cell_cylindrical_0925_296.png,52986
925,RGB_cell_cylindrical_0925_250.png,52940
925,RGB_cell_cylindrical_0925_239.png,52929
925,RGB_cell_cylindrical_0925_189.png,52879
926,RGB_cell_cylindrical_0926_031.png,53023
926,RGB_cell_cylindrical_0926_009.png,53001
926,RGB_cell_cylindrical_0926_191.png,53183
926,RGB_cell_cylindrical_0926_262.png,53254
926,RGB_cell_cylindrical_0926_298.png,53290
926,RGB_cell_cylindrical_0926_250.png,53242
926,RGB_cell_cylindrical_0926_239.png,53231
926,RGB_cell_cylindrical_0926_189.png,53181
927,RGB_cell_cylindrical_0927_031.png,53325
927,RGB_cell_cylindrical_0927_009.png,53303
927,RGB_cell_cylindrical_0927_191.png,53485
927,RGB_cell_cylindrical_0927_262.png,53556
927,RGB_cell_cylindrical_0927_298.png,53592
927,RGB_cell_cylindrical_0927_250.png,53544
927,RGB_cell_cylindrical_0927_239.png,53533
927,RGB_cell_cylindrical_0927_189.png,53483
928,RGB_cell_cylindrical_0928_033.png,53629
928,RGB_cell_cylindrical_0928_009.png,53605
928,RGB_cell_cylindrical_0928_118.png,53714
928,RGB_cell_cylindrical_0928_138.png,53734
928,RGB_cell_cylindrical_0928_133.png,53729
928,RGB_cell_cylindrical_0928_217.png,53813
928,RGB_cell_cylindrical_0928_294.png,53890
928,RGB_cell_cylindrical_0928_109.png,53705
929,RGB_cell_cylindrical_0929_031.png,53929
929,RGB_cell_cylindrical_0929_007.png,53905
929,RGB_cell_cylindrical_0929_191.png,54089
929,RGB_cell_cylindrical_0929_262.png,54160
929,RGB_cell_cylindrical_0929_296.png,54194
929,RGB_cell_cylindrical_0929_248.png,54146
929,RGB_cell_cylindrical_0929_237.png,54135
929,RGB_cell_cylindrical_0929_187.png,54085
930,RGB_cell_cylindrical_0930_031.png,54231
930,RGB_cell_cylindrical_0930_009.png,54209
930,RGB_cell_cylindrical_0930_191.png,54391
930,RGB_cell_cylindrical_0930_262.png,54462
930,RGB_cell_cylindrical_0930_296.png,54496
930,RGB_cell_cylindrical_0930_250.png,54450
930,RGB_cell_cylindrical_0930_239.png,54439
930,RGB_cell_cylindrical_0930_189.png,54389
931,RGB_cell_cylindrical_0931_031.png,54533
931,RGB_cell_cylindrical_0931_009.png,54511
931,RGB_cell_cylindrical_0931_191.png,54693
931,RGB_cell_cylindrical_0931_262.png,54764
931,RGB_cell_cylindrical_0931_298.png,54800
931,RGB_cell_cylindrical_0931_250.png,54752
931,RGB_cell_cylindrical_0931_239.png,54741
931,RGB_cell_cylindrical_0931_189.png,54691
932,RGB_cell_cylindrical_0932_031.png,54835
932,RGB_cell_cylindrical_0932_009.png,54813
932,RGB_cell_cylindrical_0932_191.png,54995
932,RGB_cell_cylindrical_0932_262.png,55066
932,RGB_cell_cylindrical_0932_298.png,55102
932,RGB_cell_cylindrical_0932_250.png,55054
932,RGB_cell_cylindrical_0932_239.png,55043
932,RGB_cell_cylindrical_0932_189.png,54993
933,RGB_cell_cylindrical_0933_033.png,55139
933,RGB_cell_cylindrical_0933_009.png,55115
933,RGB_cell_cylindrical_0933_118.png,55224
933,RGB_cell_cylindrical_0933_138.png,55244
933,RGB_cell_cylindrical_0933_133.png,55239
933,RGB_cell_cylindrical_0933_218.png,55323
933,RGB_cell_cylindrical_0933_295.png,55400
933,RGB_cell_cylindrical_0933_109.png,55215
934,RGB_cell_cylindrical_0934_032.png,55439
934,RGB_cell_cylindrical_0934_008.png,55415
934,RGB_cell_cylindrical_0934_278.png,55685
934,RGB_cell_cylindrical_0934_262.png,55669
934,RGB_cell_cylindrical_0934_296.png,55703
934,RGB_cell_cylindrical_0934_217.png,55624
934,RGB_cell_cylindrical_0934_247.png,55654
934,RGB_cell_cylindrical_0934_276.png,55683
935,RGB_cell_cylindrical_0935_031.png,55740
935,RGB_cell_cylindrical_0935_007.png,55716
935,RGB_cell_cylindrical_0935_191.png,55900
935,RGB_cell_cylindrical_0935_262.png,55971
935,RGB_cell_cylindrical_0935_296.png,56005
935,RGB_cell_cylindrical_0935_250.png,55959
935,RGB_cell_cylindrical_0935_237.png,55946
935,RGB_cell_cylindrical_0935_187.png,55896
936,RGB_cell_cylindrical_0936_031.png,56042
936,RGB_cell_cylindrical_0936_009.png,56020
936,RGB_cell_cylindrical_0936_191.png,56202
936,RGB_cell_cylindrical_0936_262.png,56273
936,RGB_cell_cylindrical_0936_298.png,56309
936,RGB_cell_cylindrical_0936_250.png,56261
936,RGB_cell_cylindrical_0936_239.png,56250
936,RGB_cell_cylindrical_0936_189.png,56200
937,RGB_cell_cylindrical_0937_031.png,56344
937,RGB_cell_cylindrical_0937_009.png,56322
937,RGB_cell_cylindrical_0937_191.png,56504
937,RGB_cell_cylindrical_0937_262.png,56575
937,RGB_cell_cylindrical_0937_298.png,56611
937,RGB_cell_cylindrical_0937_250.png,56563
937,RGB_cell_cylindrical_0937_239.png,56552
937,RGB_cell_cylindrical_0937_189.png,56502
938,RGB_cell_cylindrical_0938_031.png,56646
938,RGB_cell_cylindrical_0938_009.png,56624
938,RGB_cell_cylindrical_0938_279.png,56894
938,RGB_cell_cylindrical_0938_261.png,56876
938,RGB_cell_cylindrical_0938_297.png,56912
938,RGB_cell_cylindrical_0938_218.png,56833
938,RGB_cell_cylindrical_0938_248.png,56863
938,RGB_cell_cylindrical_0938_277.png,56892
939,RGB_cell_cylindrical_0939_032.png,56949
939,RGB_cell_cylindrical_0939_008.png,56925
939,RGB_cell_cylindrical_0939_278.png,57195
939,RGB_cell_cylindrical_0939_262.png,57179
939,RGB_cell_cylindrical_0939_296.png,57213
939,RGB_cell_cylindrical_0939_217.png,57134
939,RGB_cell_cylindrical_0939_247.png,57164
939,RGB_cell_cylindrical_0939_276.png,57193
940,RGB_cell_cylindrical_0940_031.png,57250
940,RGB_cell_cylindrical_0940_007.png,57226
940,RGB_cell_cylindrical_0940_191.png,57410
940,RGB_cell_cylindrical_0940_262.png,57481
940,RGB_cell_cylindrical_0940_296.png,57515
940,RGB_cell_cylindrical_0940_250.png,57469
940,RGB_cell_cylindrical_0940_237.png,57456
940,RGB_cell_cylindrical_0940_187.png,57406
941,RGB_cell_cylindrical_0941_031.png,57552
941,RGB_cell_cylindrical_0941_009.png,57530
941,RGB_cell_cylindrical_0941_191.png,57712
941,RGB_cell_cylindrical_0941_262.png,57783
941,RGB_cell_cylindrical_0941_298.png,57819
941,RGB_cell_cylindrical_0941_250.png,57771
941,RGB_cell_cylindrical_0941_239.png,57760
941,RGB_cell_cylindrical_0941_189.png,57710
942,RGB_cell_cylindrical_0942_031.png,57854
942,RGB_cell_cylindrical_0942_009.png,57832
942,RGB_cell_cylindrical_0942_191.png,58014
942,RGB_cell_cylindrical_0942_262.png,58085
942,RGB_cell_cylindrical_0942_298.png,58121
942,RGB_cell_cylindrical_0942_250.png,58073
942,RGB_cell_cylindrical_0942_239.png,58062
942,RGB_cell_cylindrical_0942_189.png,58012
943,RGB_cell_cylindrical_0943_031.png,58156
943,RGB_cell_cylindrical_0943_009.png,58134
943,RGB_cell_cylindrical_0943_279.png,58404
943,RGB_cell_cylindrical_0943_261.png,58386
943,RGB_cell_cylindrical_0943_297.png,58422
943,RGB_cell_cylindrical_0943_218.png,58343
943,RGB_cell_cylindrical_0943_248.png,58373
943,RGB_cell_cylindrical_0943_277.png,58402
944,RGB_cell_cylindrical_0944_032.png,58459
944,RGB_cell_cylindrical_0944_008.png,58435
944,RGB_cell_cylindrical_0944_278.png,58705
944,RGB_cell_cylindrical_0944_262.png,58689
944,RGB_cell_cylindrical_0944_296.png,58723
944,RGB_cell_cylindrical_0944_217.png,58644
944,RGB_cell_cylindrical_0944_247.png,58674
944,RGB_cell_cylindrical_0944_276.png,58703
945,RGB_cell_cylindrical_0945_031.png,58760
945,RGB_cell_cylindrical_0945_007.png,58736
945,RGB_cell_cylindrical_0945_191.png,58920
945,RGB_cell_cylindrical_0945_262.png,58991
945,RGB_cell_cylindrical_0945_296.png,59025
945,RGB_cell_cylindrical_0945_250.png,58979
945,RGB_cell_cylindrical_0945_237.png,58966
945,RGB_cell_cylindrical_0945_187.png,58916
946,RGB_cell_cylindrical_0946_031.png,59062
946,RGB_cell_cylindrical_0946_009.png,59040
946,RGB_cell_cylindrical_0946_280.png,59310
946,RGB_cell_cylindrical_0946_262.png,59292
946,RGB_cell_cylindrical_0946_296.png,59326
946,RGB_cell_cylindrical_0946_219.png,59249
946,RGB_cell_cylindrical_0946_249.png,59279
946,RGB_cell_cylindrical_0946_276.png,59306
947,RGB_cell_cylindrical_0947_031.png,59363
947,RGB_cell_cylindrical_0947_009.png,59341
947,RGB_cell_cylindrical_0947_191.png,59523
947,RGB_cell_cylindrical_0947_262.png,59594
947,RGB_cell_cylindrical_0947_298.png,59630
947,RGB_cell_cylindrical_0947_250.png,59582
947,RGB_cell_cylindrical_0947_239.png,59571
947,RGB_cell_cylindrical_0947_189.png,59521
948,RGB_cell_cylindrical_0948_031.png,59665
948,RGB_cell_cylindrical_0948_009.png,59643
948,RGB_cell_cylindrical_0948_191.png,59825
948,RGB_cell_cylindrical_0948_262.png,59896
948,RGB_cell_cylindrical_0948_298.png,59932
948,RGB_cell_cylindrical_0948_250.png,59884
948,RGB_cell_cylindrical_0948_239.png,59873
948,RGB_cell_cylindrical_0948_189.png,59823
949,RGB_cell_cylindrical_0949_033.png,59969
949,RGB_cell_cylindrical_0949_009.png,59945
949,RGB_cell_cylindrical_0949_118.png,60054
949,RGB_cell_cylindrical_0949_138.png,60074
949,RGB_cell_cylindrical_0949_133.png,60069
949,RGB_cell_cylindrical_0949_217.png,60153
949,RGB_cell_cylindrical_0949_294.png,60230
949,RGB_cell_cylindrical_0949_109.png,60045
950,RGB_cell_cylindrical_0950_031.png,60269
950,RGB_cell_cylindrical_0950_007.png,60245
950,RGB_cell_cylindrical_0950_191.png,60429
950,RGB_cell_cylindrical_0950_262.png,60500
950,RGB_cell_cylindrical_0950_296.png,60534
950,RGB_cell_cylindrical_0950_248.png,60486
950,RGB_cell_cylindrical_0950_237.png,60475
950,RGB_cell_cylindrical_0950_187.png,60425
951,RGB_cell_cylindrical_0951_031.png,60571
951,RGB_cell_cylindrical_0951_009.png,60549
951,RGB_cell_cylindrical_0951_191.png,60731
951,RGB_cell_cylindrical_0951_262.png,60802
951,RGB_cell_cylindrical_0951_296.png,60836
951,RGB_cell_cylindrical_0951_250.png,60790
951,RGB_cell_cylindrical_0951_239.png,60779
951,RGB_cell_cylindrical_0951_189.png,60729
952,RGB_cell_cylindrical_0952_031.png,60873
952,RGB_cell_cylindrical_0952_009.png,60851
952,RGB_cell_cylindrical_0952_191.png,61033
952,RGB_cell_cylindrical_0952_262.png,61104
952,RGB_cell_cylindrical_0952_298.png,61140
952,RGB_cell_cylindrical_0952_250.png,61092
952,RGB_cell_cylindrical_0952_239.png,61081
952,RGB_cell_cylindrical_0952_189.png,61031
953,RGB_cell_cylindrical_0953_031.png,61175
953,RGB_cell_cylindrical_0953_009.png,61153
953,RGB_cell_cylindrical_0953_191.png,61335
953,RGB_cell_cylindrical_0953_262.png,61406
953,RGB_cell_cylindrical_0953_298.png,61442
953,RGB_cell_cylindrical_0953_250.png,61394
953,RGB_cell_cylindrical_0953_239.png,61383
953,RGB_cell_cylindrical_0953_189.png,61333
954,RGB_cell_cylindrical_0954_033.png,61479
954,RGB_cell_cylindrical_0954_009.png,61455
954,RGB_cell_cylindrical_0954_118.png,61564
954,RGB_cell_cylindrical_0954_138.png,61584
954,RGB_cell_cylindrical_0954_133.png,61579
954,RGB_cell_cylindrical_0954_217.png,61663
954,RGB_cell_cylindrical_0954_294.png,61740
954,RGB_cell_cylindrical_0954_109.png,61555
955,RGB_cell_cylindrical_0955_031.png,61779
955,RGB_cell_cylindrical_0955_007.png,61755
955,RGB_cell_cylindrical_0955_191.png,61939
955,RGB_cell_cylindrical_0955_262.png,62010
955,RGB_cell_cylindrical_0955_296.png,62044
955,RGB_cell_cylindrical_0955_248.png,61996
955,RGB_cell_cylindrical_0955_237.png,61985
955,RGB_cell_cylindrical_0955_187.png,61935
956,RGB_cell_cylindrical_0956_031.png,62081
956,RGB_cell_cylindrical_0956_009.png,62059
956,RGB_cell_cylindrical_0956_191.png,62241
956,RGB_cell_cylindrical_0956_262.png,62312
956,RGB_cell_cylindrical_0956_296.png,62346
956,RGB_cell_cylindrical_0956_250.png,62300
956,RGB_cell_cylindrical_0956_239.png,62289
956,RGB_cell_cylindrical_0956_189.png,62239
957,RGB_cell_cylindrical_0957_031.png,62383
957,RGB_cell_cylindrical_0957_009.png,62361
957,RGB_cell_cylindrical_0957_191.png,62543
957,RGB_cell_cylindrical_0957_262.png,62614
957,RGB_cell_cylindrical_0957_298.png,62650
957,RGB_cell_cylindrical_0957_250.png,62602
957,RGB_cell_cylindrical_0957_239.png,62591
957,RGB_cell_cylindrical_0957_189.png,62541
958,RGB_cell_cylindrical_0958_031.png,62685
958,RGB_cell_cylindrical_0958_009.png,62663
958,RGB_cell_cylindrical_0958_191.png,62845
958,RGB_cell_cylindrical_0958_262.png,62916
958,RGB_cell_cylindrical_0958_298.png,62952
958,RGB_cell_cylindrical_0958_250.png,62904
958,RGB_cell_cylindrical_0958_239.png,62893
958,RGB_cell_cylindrical_0958_189.png,62843
959,RGB_cell_cylindrical_0959_033.png,62989
959,RGB_cell_cylindrical_0959_009.png,62965
959,RGB_cell_cylindrical_0959_118.png,63074
959,RGB_cell_cylindrical_0959_138.png,63094
959,RGB_cell_cylindrical_0959_133.png,63089
959,RGB_cell_cylindrical_0959_217.png,63173
959,RGB_cell_cylindrical_0959_294.png,63250
959,RGB_cell_cylindrical_0959_109.png,63065
960,RGB_cell_cylindrical_0960_031.png,63289
960,RGB_cell_cylindrical_0960_007.png,63265
960,RGB_cell_cylindrical_0960_191.png,63449
960,RGB_cell_cylindrical_0960_262.png,63520
960,RGB_cell_cylindrical_0960_296.png,63554
960,RGB_cell_cylindrical_0960_248.png,63506
960,RGB_cell_cylindrical_0960_237.png,63495
960,RGB_cell_cylindrical_0960_187.png,63445
961,RGB_cell_cylindrical_0961_031.png,63591
961,RGB_cell_cylindrical_0961_009.png,63569
961,RGB_cell_cylindrical_0961_191.png,63751
961,RGB_cell_cylindrical_0961_262.png,63822
961,RGB_cell_cylindrical_0961_296.png,63856
961,RGB_cell_cylindrical_0961_250.png,63810
961,RGB_cell_cylindrical_0961_239.png,63799
961,RGB_cell_cylindrical_0961_189.png,63749
962,RGB_cell_cylindrical_0962_031.png,63893
962,RGB_cell_cylindrical_0962_009.png,63871
962,RGB_cell_cylindrical_0962_191.png,64053
962,RGB_cell_cylindrical_0962_262.png,64124
962,RGB_cell_cylindrical_0962_298.png,64160
962,RGB_cell_cylindrical_0962_250.png,64112
962,RGB_cell_cylindrical_0962_239.png,64101
962,RGB_cell_cylindrical_0962_189.png,64051
963,RGB_cell_cylindrical_0963_031.png,64195
963,RGB_cell_cylindrical_0963_009.png,64173
963,RGB_cell_cylindrical_0963_191.png,64355
963,RGB_cell_cylindrical_0963_262.png,64426
963,RGB_cell_cylindrical_0963_298.png,64462
963,RGB_cell_cylindrical_0963_250.png,64414
963,RGB_cell_cylindrical_0963_239.png,64403
963,RGB_cell_cylindrical_0963_189.png,64353
964,RGB_cell_cylindrical_0964_033.png,64499
964,RGB_cell_cylindrical_0964_009.png,64475
964,RGB_cell_cylindrical_0964_118.png,64584
964,RGB_cell_cylindrical_0964_138.png,64604
964,RGB_cell_cylindrical_0964_133.png,64599
964,RGB_cell_cylindrical_0964_217.png,64683
964,RGB_cell_cylindrical_0964_294.png,64760
964,RGB_cell_cylindrical_0964_109.png,64575
965,RGB_cell_cylindrical_0965_031.png,64799
965,RGB_cell_cylindrical_0965_007.png,64775
965,RGB_cell_cylindrical_0965_191.png,64959
965,RGB_cell_cylindrical_0965_262.png,65030
965,RGB_cell_cylindrical_0965_296.png,65064
965,RGB_cell_cylindrical_0965_248.png,65016
965,RGB_cell_cylindrical_0965_237.png,65005
965,RGB_cell_cylindrical_0965_187.png,64955
966,RGB_cell_cylindrical_0966_031.png,65101
966,RGB_cell_cylindrical_0966_009.png,65079
966,RGB_cell_cylindrical_0966_191.png,65261
966,RGB_cell_cylindrical_0966_262.png,65332
966,RGB_cell_cylindrical_0966_296.png,65366
966,RGB_cell_cylindrical_0966_250.png,65320
966,RGB_cell_cylindrical_0966_239.png,65309
966,RGB_cell_cylindrical_0966_189.png,65259
967,RGB_cell_cylindrical_0967_031.png,65403
967,RGB_cell_cylindrical_0967_009.png,65381
967,RGB_cell_cylindrical_0967_191.png,65563
967,RGB_cell_cylindrical_0967_262.png,65634
967,RGB_cell_cylindrical_0967_298.png,65670
967,RGB_cell_cylindrical_0967_250.png,65622
967,RGB_cell_cylindrical_0967_239.png,65611
967,RGB_cell_cylindrical_0967_189.png,65561
968,RGB_cell_cylindrical_0968_031.png,65705
968,RGB_cell_cylindrical_0968_009.png,65683
968,RGB_cell_cylindrical_0968_191.png,65865
968,RGB_cell_cylindrical_0968_262.png,65936
968,RGB_cell_cylindrical_0968_298.png,65972
968,RGB_cell_cylindrical_0968_250.png,65924
968,RGB_cell_cylindrical_0968_239.png,65913
968,RGB_cell_cylindrical_0968_189.png,65863
969,RGB_cell_cylindrical_0969_033.png,66009
969,RGB_cell_cylindrical_0969_009.png,65985
969,RGB_cell_cylindrical_0969_118.png,66094
969,RGB_cell_cylindrical_0969_138.png,66114
969,RGB_cell_cylindrical_0969_133.png,66109
969,RGB_cell_cylindrical_0969_217.png,66193
969,RGB_cell_cylindrical_0969_294.png,66270
969,RGB_cell_cylindrical_0969_109.png,66085
970,RGB_cell_cylindrical_0970_031.png,66309
970,RGB_cell_cylindrical_0970_007.png,66285
970,RGB_cell_cylindrical_0970_191.png,66469
970,RGB_cell_cylindrical_0970_262.png,66540
970,RGB_cell_cylindrical_0970_296.png,66574
970,RGB_cell_cylindrical_0970_248.png,66526
970,RGB_cell_cylindrical_0970_237.png,66515
970,RGB_cell_cylindrical_0970_187.png,66465
971,RGB_cell_cylindrical_0971_031.png,66611
971,RGB_cell_cylindrical_0971_009.png,66589
971,RGB_cell_cylindrical_0971_191.png,66771
971,RGB_cell_cylindrical_0971_262.png,66842
971,RGB_cell_cylindrical_0971_296.png,66876
971,RGB_cell_cylindrical_0971_250.png,66830
971,RGB_cell_cylindrical_0971_239.png,66819
971,RGB_cell_cylindrical_0971_189.png,66769
972,RGB_cell_cylindrical_0972_031.png,66913
972,RGB_cell_cylindrical_0972_009.png,66891
972,RGB_cell_cylindrical_0972_191.png,67073
972,RGB_cell_cylindrical_0972_262.png,67144
972,RGB_cell_cylindrical_0972_298.png,67180
972,RGB_cell_cylindrical_0972_250.png,67132
972,RGB_cell_cylindrical_0972_239.png,67121
972,RGB_cell_cylindrical_0972_189.png,67071
973,RGB_cell_cylindrical_0973_031.png,67215
973,RGB_cell_cylindrical_0973_009.png,67193
973,RGB_cell_cylindrical_0973_191.png,67375
973,RGB_cell_cylindrical_0973_262.png,67446
973,RGB_cell_cylindrical_0973_298.png,67482
973,RGB_cell_cylindrical_0973_250.png,67434
973,RGB_cell_cylindrical_0973_239.png,67423
973,RGB_cell_cylindrical_0973_189.png,67373
974,RGB_cell_cylindrical_0974_033.png,67519
974,RGB_cell_cylindrical_0974_009.png,67495
974,RGB_cell_cylindrical_0974_118.png,67604
974,RGB_cell_cylindrical_0974_138.png,67624
974,RGB_cell_cylindrical_0974_133.png,67619
974,RGB_cell_cylindrical_0974_217.png,67703
974,RGB_cell_cylindrical_0974_294.png,67780
974,RGB_cell_cylindrical_0974_109.png,67595
975,RGB_cell_cylindrical_0975_031.png,67819
975,RGB_cell_cylindrical_0975_007.png,67795
975,RGB_cell_cylindrical_0975_191.png,67979
975,RGB_cell_cylindrical_0975_262.png,68050
975,RGB_cell_cylindrical_0975_296.png,68084
975,RGB_cell_cylindrical_0975_248.png,68036
975,RGB_cell_cylindrical_0975_237.png,68025
975,RGB_cell_cylindrical_0975_187.png,67975
976,RGB_cell_cylindrical_0976_031.png,68121
976,RGB_cell_cylindrical_0976_009.png,68099
976,RGB_cell_cylindrical_0976_191.png,68281
976,RGB_cell_cylindrical_0976_262.png,68352
976,RGB_cell_cylindrical_0976_296.png,68386
976,RGB_cell_cylindrical_0976_250.png,68340
976,RGB_cell_cylindrical_0976_239.png,68329
976,RGB_cell_cylindrical_0976_189.png,68279
977,RGB_cell_cylindrical_0977_031.png,68423
977,RGB_cell_cylindrical_0977_009.png,68401
977,RGB_cell_cylindrical_0977_191.png,68583
977,RGB_cell_cylindrical_0977_262.png,68654
977,RGB_cell_cylindrical_0977_298.png,68690
977,RGB_cell_cylindrical_0977_250.png,68642
977,RGB_cell_cylindrical_0977_239.png,68631
977,RGB_cell_cylindrical_0977_189.png,68581
978,RGB_cell_cylindrical_0978_031.png,68725
978,RGB_cell_cylindrical_0978_009.png,68703
978,RGB_cell_cylindrical_0978_191.png,68885
978,RGB_cell_cylindrical_0978_262.png,68956
978,RGB_cell_cylindrical_0978_298.png,68992
978,RGB_cell_cylindrical_0978_250.png,68944
978,RGB_cell_cylindrical_0978_239.png,68933
978,RGB_cell_cylindrical_0978_189.png,68883
979,RGB_cell_cylindrical_0979_033.png,69029
979,RGB_cell_cylindrical_0979_009.png,69005
979,RGB_cell_cylindrical_0979_118.png,69114
979,RGB_cell_cylindrical_0979_138.png,69134
979,RGB_cell_cylindrical_0979_133.png,69129
979,RGB_cell_cylindrical_0979_217.png,69213
979,RGB_cell_cylindrical_0979_294.png,69290
979,RGB_cell_cylindrical_0979_109.png,69105
980,RGB_cell_cylindrical_0980_031.png,69329
980,RGB_cell_cylindrical_0980_007.png,69305
980,RGB_cell_cylindrical_0980_191.png,69489
980,RGB_cell_cylindrical_0980_262.png,69560
980,RGB_cell_cylindrical_0980_296.png,69594
980,RGB_cell_cylindrical_0980_248.png,69546
980,RGB_cell_cylindrical_0980_237.png,69535
980,RGB_cell_cylindrical_0980_187.png,69485
981,RGB_cell_cylindrical_0981_031.png,69631
981,RGB_cell_cylindrical_0981_009.png,69609
981,RGB_cell_cylindrical_0981_191.png,69791
981,RGB_cell_cylindrical_0981_262.png,69862
981,RGB_cell_cylindrical_0981_296.png,69896
981,RGB_cell_cylindrical_0981_250.png,69850
981,RGB_cell_cylindrical_0981_239.png,69839
981,RGB_cell_cylindrical_0981_189.png,69789
982,RGB_cell_cylindrical_0982_031.png,69933
982,RGB_cell_cylindrical_0982_009.png,69911
982,RGB_cell_cylindrical_0982_191.png,70093
982,RGB_cell_cylindrical_0982_262.png,70164
982,RGB_cell_cylindrical_0982_298.png,70200
982,RGB_cell_cylindrical_0982_250.png,70152
982,RGB_cell_cylindrical_0982_239.png,70141
982,RGB_cell_cylindrical_0982_189.png,70091
983,RGB_cell_cylindrical_0983_031.png,70235
983,RGB_cell_cylindrical_0983_009.png,70213
983,RGB_cell_cylindrical_0983_191.png,70395
983,RGB_cell_cylindrical_0983_262.png,70466
983,RGB_cell_cylindrical_0983_298.png,70502
983,RGB_cell_cylindrical_0983_250.png,70454
983,RGB_cell_cylindrical_0983_239.png,70443
983,RGB_cell_cylindrical_0983_189.png,70393
984,RGB_cell_cylindrical_0984_033.png,70539
984,RGB_cell_cylindrical_0984_009.png,70515
984,RGB_cell_cylindrical_0984_118.png,70624
984,RGB_cell_cylindrical_0984_138.png,70644
984,RGB_cell_cylindrical_0984_133.png,70639
984,RGB_cell_cylindrical_0984_217.png,70723
984,RGB_cell_cylindrical_0984_294.png,70800
984,RGB_cell_cylindrical_0984_109.png,70615
985,RGB_cell_cylindrical_0985_031.png,70839
985,RGB_cell_cylindrical_0985_007.png,70815
985,RGB_cell_cylindrical_0985_191.png,70999
985,RGB_cell_cylindrical_0985_262.png,71070
985,RGB_cell_cylindrical_0985_296.png,71104
985,RGB_cell_cylindrical_0985_248.png,71056
985,RGB_cell_cylindrical_0985_237.png,71045
985,RGB_cell_cylindrical_0985_187.png,70995
986,RGB_cell_cylindrical_0986_031.png,71141
986,RGB_cell_cylindrical_0986_009.png,71119
986,RGB_cell_cylindrical_0986_191.png,71301
986,RGB_cell_cylindrical_0986_262.png,71372
986,RGB_cell_cylindrical_0986_296.png,71406
986,RGB_cell_cylindrical_0986_250.png,71360
986,RGB_cell_cylindrical_0986_239.png,71349
986,RGB_cell_cylindrical_0986_189.png,71299
987,RGB_cell_cylindrical_0987_031.png,71443
987,RGB_cell_cylindrical_0987_009.png,71421
987,RGB_cell_cylindrical_0987_191.png,71603
987,RGB_cell_cylindrical_0987_262.png,71674
987,RGB_cell_cylindrical_0987_298.png,71710
987,RGB_cell_cylindrical_0987_250.png,71662
987,RGB_cell_cylindrical_0987_239.png,71651
987,RGB_cell_cylindrical_0987_189.png,71601
988,RGB_cell_cylindrical_0988_031.png,71745
988,RGB_cell_cylindrical_0988_009.png,71723
988,RGB_cell_cylindrical_0988_191.png,71905
988,RGB_cell_cylindrical_0988_262.png,71976
988,RGB_cell_cylindrical_0988_298.png,72012
988,RGB_cell_cylindrical_0988_250.png,71964
988,RGB_cell_cylindrical_0988_239.png,71953
988,RGB_cell_cylindrical_0988_189.png,71903
989,RGB_cell_cylindrical_0989_033.png,72049
989,RGB_cell_cylindrical_0989_009.png,72025
989,RGB_cell_cylindrical_0989_118.png,72134
989,RGB_cell_cylindrical_0989_138.png,72154
989,RGB_cell_cylindrical_0989_133.png,72149
989,RGB_cell_cylindrical_0989_217.png,72233
989,RGB_cell_cylindrical_0989_294.png,72310
989,RGB_cell_cylindrical_0989_109.png,72125
990,RGB_cell_cylindrical_0990_031.png,72349
990,RGB_cell_cylindrical_0990_007.png,72325
990,RGB_cell_cylindrical_0990_191.png,72509
990,RGB_cell_cylindrical_0990_262.png,72580
990,RGB_cell_cylindrical_0990_296.png,72614
990,RGB_cell_cylindrical_0990_248.png,72566
990,RGB_cell_cylindrical_0990_237.png,72555
990,RGB_cell_cylindrical_0990_187.png,72505
991,RGB_cell_cylindrical_0991_031.png,72651
991,RGB_cell_cylindrical_0991_009.png,72629
991,RGB_cell_cylindrical_0991_191.png,72811
991,RGB_cell_cylindrical_0991_262.png,72882
991,RGB_cell_cylindrical_0991_296.png,72916
991,RGB_cell_cylindrical_0991_250.png,72870
991,RGB_cell_cylindrical_0991_239.png,72859
991,RGB_cell_cylindrical_0991_189.png,72809
992,RGB_cell_cylindrical_0992_031.png,72953
992,RGB_cell_cylindrical_0992_009.png,72931
992,RGB_cell_cylindrical_0992_191.png,73113
992,RGB_cell_cylindrical_0992_262.png,73184
992,RGB_cell_cylindrical_0992_298.png,73220
992,RGB_cell_cylindrical_0992_250.png,73172
992,RGB_cell_cylindrical_0992_239.png,73161
992,RGB_cell_cylindrical_0992_189.png,73111
993,RGB_cell_cylindrical_0993_031.png,73255
993,RGB_cell_cylindrical_0993_009.png,73233
993,RGB_cell_cylindrical_0993_191.png,73415
993,RGB_cell_cylindrical_0993_262.png,73486
993,RGB_cell_cylindrical_0993_298.png,73522
993,RGB_cell_cylindrical_0993_250.png,73474
993,RGB_cell_cylindrical_0993_239.png,73463
993,RGB_cell_cylindrical_0993_189.png,73413
994,RGB_cell_cylindrical_0994_033.png,73559
994,RGB_cell_cylindrical_0994_009.png,73535
994,RGB_cell_cylindrical_0994_118.png,73644
994,RGB_cell_cylindrical_0994_138.png,73664
994,RGB_cell_cylindrical_0994_133.png,73659
994,RGB_cell_cylindrical_0994_217.png,73743
994,RGB_cell_cylindrical_0994_294.png,73820
994,RGB_cell_cylindrical_0994_109.png,73635
995,RGB_cell_cylindrical_0995_031.png,73859
995,RGB_cell_cylindrical_0995_007.png,73835
995,RGB_cell_cylindrical_0995_278.png,74105
995,RGB_cell_cylindrical_0995_262.png,74089
995,RGB_cell_cylindrical_0995_296.png,74123
995,RGB_cell_cylindrical_0995_217.png,74044
995,RGB_cell_cylindrical_0995_247.png,74074
995,RGB_cell_cylindrical_0995_276.png,74103
996,RGB_cell_cylindrical_0996_031.png,74160
996,RGB_cell_cylindrical_0996_007.png,74136
996,RGB_cell_cylindrical_0996_191.png,74320
996,RGB_cell_cylindrical_0996_262.png,74391
996,RGB_cell_cylindrical_0996_296.png,74425
996,RGB_cell_cylindrical_0996_250.png,74379
996,RGB_cell_cylindrical_0996_237.png,74366
996,RGB_cell_cylindrical_0996_187.png,74316
997,RGB_cell_cylindrical_0997_031.png,74462
997,RGB_cell_cylindrical_0997_009.png,74440
997,RGB_cell_cylindrical_0997_191.png,74622
997,RGB_cell_cylindrical_0997_262.png,74693
997,RGB_cell_cylindrical_0997_298.png,74729
997,RGB_cell_cylindrical_0997_250.png,74681
997,RGB_cell_cylindrical_0997_239.png,74670
997,RGB_cell_cylindrical_0997_189.png,74620
998,RGB_cell_cylindrical_0998_031.png,74764
998,RGB_cell_cylindrical_0998_009.png,74742
998,RGB_cell_cylindrical_0998_191.png,74924
998,RGB_cell_cylindrical_0998_262.png,74995
998,RGB_cell_cylindrical_0998_298.png,75031
998,RGB_cell_cylindrical_0998_250.png,74983
998,RGB_cell_cylindrical_0998_239.png,74972
998,RGB_cell_cylindrical_0998_189.png,74922
999,RGB_cell_cylindrical_0999_031.png,75066
999,RGB_cell_cylindrical_0999_009.png,75044
999,RGB_cell_cylindrical_0999_279.png,75314
999,RGB_cell_cylindrical_0999_261.png,75296
999,RGB_cell_cylindrical_0999_297.png,75332
999,RGB_cell_cylindrical_0999_218.png,75253
999,RGB_cell_cylindrical_0999_248.png,75283
999,RGB_cell_cylindrical_0999_277.png,75312
1000,RGB_cell_cylindrical_1000_032.png,75369
1000,RGB_cell_cylindrical_1000_008.png,75345
1000,RGB_cell_cylindrical_1000_278.png,75615
1000,RGB_cell_cylindrical_1000_262.png,75599
1000,RGB_cell_cylindrical_1000_296.png,75633
1000,RGB_cell_cylindrical_1000_217.png,75554
1000,RGB_cell_cylindrical_1000_247.png,75584
1000,RGB_cell_cylindrical_1000_276.png,75613
1001,RGB_cell_cylindrical_1001_031.png,75670
1001,RGB_cell_cylindrical_1001_007.png,75646
1001,RGB_cell_cylindrical_1001_191.png,75830
1001,RGB_cell_cylindrical_1001_262.png,75901
1001,RGB_cell_cylindrical_1001_296.png,75935
1001,RGB_cell_cylindrical_1001_250.png,75889
1001,RGB_cell_cylindrical_1001_237.png,75876
1001,RGB_cell_cylindrical_1001_187.png,75826
1002,RGB_cell_cylindrical_1002_031.png,75972
1002,RGB_cell_cylindrical_1002_009.png,75950
1002,RGB_cell_cylindrical_1002_191.png,76132
1002,RGB_cell_cylindrical_1002_262.png,76203
1002,RGB_cell_cylindrical_1002_298.png,76239
1002,RGB_cell_cylindrical_1002_250.png,76191
1002,RGB_cell_cylindrical_1002_239.png,76180
1002,RGB_cell_cylindrical_1002_189.png,76130
1003,RGB_cell_cylindrical_1003_031.png,76274
1003,RGB_cell_cylindrical_1003_009.png,76252
1003,RGB_cell_cylindrical_1003_191.png,76434
1003,RGB_cell_cylindrical_1003_262.png,76505
1003,RGB_cell_cylindrical_1003_298.png,76541
1003,RGB_cell_cylindrical_1003_250.png,76493
1003,RGB_cell_cylindrical_1003_239.png,76482
1003,RGB_cell_cylindrical_1003_189.png,76432
1004,RGB_cell_cylindrical_1004_031.png,76576
1004,RGB_cell_cylindrical_1004_009.png,76554
1004,RGB_cell_cylindrical_1004_279.png,76824
1004,RGB_cell_cylindrical_1004_261.png,76806
1004,RGB_cell_cylindrical_1004_297.png,76842
1004,RGB_cell_cylindrical_1004_218.png,76763
1004,RGB_cell_cylindrical_1004_248.png,76793
1004,RGB_cell_cylindrical_1004_277.png,76822
1005,RGB_cell_cylindrical_1005_032.png,76879
1005,RGB_cell_cylindrical_1005_008.png,76855
1005,RGB_cell_cylindrical_1005_278.png,77125
1005,RGB_cell_cylindrical_1005_262.png,77109
1005,RGB_cell_cylindrical_1005_296.png,77143
1005,RGB_cell_cylindrical_1005_217.png,77064
1005,RGB_cell_cylindrical_1005_247.png,77094
1005,RGB_cell_cylindrical_1005_276.png,77123
1006,RGB_cell_cylindrical_1006_031.png,77180
1006,RGB_cell_cylindrical_1006_007.png,77156
1006,RGB_cell_cylindrical_1006_191.png,77340
1006,RGB_cell_cylindrical_1006_262.png,77411
1006,RGB_cell_cylindrical_1006_296.png,77445
1006,RGB_cell_cylindrical_1006_250.png,77399
1006,RGB_cell_cylindrical_1006_237.png,77386
1006,RGB_cell_cylindrical_1006_187.png,77336
1007,RGB_cell_cylindrical_1007_031.png,77482
1007,RGB_cell_cylindrical_1007_009.png,77460
1007,RGB_cell_cylindrical_1007_191.png,77642
1007,RGB_cell_cylindrical_1007_262.png,77713
1007,RGB_cell_cylindrical_1007_298.png,77749
1007,RGB_cell_cylindrical_1007_250.png,77701
1007,RGB_cell_cylindrical_1007_239.png,77690
1007,RGB_cell_cylindrical_1007_189.png,77640
1008,RGB_cell_cylindrical_1008_031.png,77784
1008,RGB_cell_cylindrical_1008_009.png,77762
1008,RGB_cell_cylindrical_1008_191.png,77944
1008,RGB_cell_cylindrical_1008_262.png,78015
1008,RGB_cell_cylindrical_1008_298.png,78051
1008,RGB_cell_cylindrical_1008_250.png,78003
1008,RGB_cell_cylindrical_1008_239.png,77992
1008,RGB_cell_cylindrical_1008_189.png,77942
1009,RGB_cell_cylindrical_1009_031.png,78086
1009,RGB_cell_cylindrical_1009_009.png,78064
1009,RGB_cell_cylindrical_1009_279.png,78334
1009,RGB_cell_cylindrical_1009_261.png,78316
1009,RGB_cell_cylindrical_1009_297.png,78352
1009,RGB_cell_cylindrical_1009_218.png,78273
1009,RGB_cell_cylindrical_1009_248.png,78303
1009,RGB_cell_cylindrical_1009_277.png,78332
1010,RGB_cell_cylindrical_1010_032.png,78389
1010,RGB_cell_cylindrical_1010_008.png,78365
1010,RGB_cell_cylindrical_1010_278.png,78635
1010,RGB_cell_cylindrical_1010_262.png,78619
1010,RGB_cell_cylindrical_1010_296.png,78653
1010,RGB_cell_cylindrical_1010_217.png,78574
1010,RGB_cell_cylindrical_1010_247.png,78604
1010,RGB_cell_cylindrical_1010_276.png,78633
1011,RGB_cell_cylindrical_1011_031.png,78690
1011,RGB_cell_cylindrical_1011_007.png,78666
1011,RGB_cell_cylindrical_1011_191.png,78850
1011,RGB_cell_cylindrical_1011_262.png,78921
1011,RGB_cell_cylindrical_1011_296.png,78955
1011,RGB_cell_cylindrical_1011_250.png,78909
1011,RGB_cell_cylindrical_1011_237.png,78896
1011,RGB_cell_cylindrical_1011_187.png,78846
1012,RGB_cell_cylindrical_1012_031.png,78992
1012,RGB_cell_cylindrical_1012_009.png,78970
1012,RGB_cell_cylindrical_1012_191.png,79152
1012,RGB_cell_cylindrical_1012_262.png,79223
1012,RGB_cell_cylindrical_1012_298.png,79259
1012,RGB_cell_cylindrical_1012_250.png,79211
1012,RGB_cell_cylindrical_1012_239.png,79200
1012,RGB_cell_cylindrical_1012_189.png,79150
1013,RGB_cell_cylindrical_1013_031.png,79294
1013,RGB_cell_cylindrical_1013_009.png,79272
1013,RGB_cell_cylindrical_1013_118.png,79381
1013,RGB_cell_cylindrical_1013_139.png,79402
1013,RGB_cell_cylindrical_1013_132.png,79395
1013,RGB_cell_cylindrical_1013_218.png,79481
1013,RGB_cell_cylindrical_1013_294.png,79557
1013,RGB_cell_cylindrical_1013_109.png,79372
1014,RGB_cell_cylindrical_1014_031.png,79596
1014,RGB_cell_cylindrical_1014_009.png,79574
1014,RGB_cell_cylindrical_1014_191.png,79756
1014,RGB_cell_cylindrical_1014_262.png,79827
1014,RGB_cell_cylindrical_1014_298.png,79863
1014,RGB_cell_cylindrical_1014_250.png,79815
1014,RGB_cell_cylindrical_1014_239.png,79804
1014,RGB_cell_cylindrical_1014_189.png,79754
1015,RGB_cell_cylindrical_1015_031.png,79898
1015,RGB_cell_cylindrical_1015_009.png,79876
1015,RGB_cell_cylindrical_1015_279.png,80146
1015,RGB_cell_cylindrical_1015_261.png,80128
1015,RGB_cell_cylindrical_1015_297.png,80164
1015,RGB_cell_cylindrical_1015_218.png,80085
1015,RGB_cell_cylindrical_1015_248.png,80115
1015,RGB_cell_cylindrical_1015_277.png,80144
1016,RGB_cell_cylindrical_1016_032.png,80201
1016,RGB_cell_cylindrical_1016_008.png,80177
1016,RGB_cell_cylindrical_1016_278.png,80447
1016,RGB_cell_cylindrical_1016_262.png,80431
1016,RGB_cell_cylindrical_1016_296.png,80465
1016,RGB_cell_cylindrical_1016_217.png,80386
1016,RGB_cell_cylindrical_1016_247.png,80416
1016,RGB_cell_cylindrical_1016_276.png,80445
1017,RGB_cell_cylindrical_1017_031.png,80502
1017,RGB_cell_cylindrical_1017_007.png,80478
1017,RGB_cell_cylindrical_1017_191.png,80662
1017,RGB_cell_cylindrical_1017_262.png,80733
1017,RGB_cell_cylindrical_1017_296.png,80767
1017,RGB_cell_cylindrical_1017_250.png,80721
1017,RGB_cell_cylindrical_1017_237.png,80708
1017,RGB_cell_cylindrical_1017_187.png,80658
1018,RGB_cell_cylindrical_1018_031.png,80804
1018,RGB_cell_cylindrical_1018_009.png,80782
1018,RGB_cell_cylindrical_1018_191.png,80964
1018,RGB_cell_cylindrical_1018_262.png,81035
1018,RGB_cell_cylindrical_1018_298.png,81071
1018,RGB_cell_cylindrical_1018_250.png,81023
1018,RGB_cell_cylindrical_1018_239.png,81012
1018,RGB_cell_cylindrical_1018_189.png,80962
1019,RGB_cell_cylindrical_1019_031.png,81106
1019,RGB_cell_cylindrical_1019_009.png,81084
1019,RGB_cell_cylindrical_1019_119.png,81194
1019,RGB_cell_cylindrical_1019_140.png,81215
1019,RGB_cell_cylindrical_1019_132.png,81207
1019,RGB_cell_cylindrical_1019_219.png,81294
1019,RGB_cell_cylindrical_1019_294.png,81369
1019,RGB_cell_cylindrical_1019_110.png,81185
1020,RGB_cell_cylindrical_1020_146.png,81523
1020,RGB_cell_cylindrical_1020_020.png,81397
1020,RGB_cell_cylindrical_1020_266.png,81643
1020,RGB_cell_cylindrical_1020_159.png,81536
1020,RGB_cell_cylindrical_1020_009.png,81386
1020,RGB_cell_cylindrical_1020_213.png,81590
1020,RGB_cell_cylindrical_1020_012.png,81389
1020,RGB_cell_cylindrical_1020_283.png,81660
1021,RGB_cell_cylindrical_1021_031.png,81710
1021,RGB_cell_cylindrical_1021_009.png,81688
1021,RGB_cell_cylindrical_1021_191.png,81870
1021,RGB_cell_cylindrical_1021_262.png,81941
1021,RGB_cell_cylindrical_1021_296.png,81975
1021,RGB_cell_cylindrical_1021_250.png,81929
1021,RGB_cell_cylindrical_1021_239.png,81918
1021,RGB_cell_cylindrical_1021_189.png,81868
1022,RGB_cell_cylindrical_1022_031.png,82012
1022,RGB_cell_cylindrical_1022_009.png,81990
1022,RGB_cell_cylindrical_1022_118.png,82099
1022,RGB_cell_cylindrical_1022_140.png,82121
1022,RGB_cell_cylindrical_1022_132.png,82113
1022,RGB_cell_cylindrical_1022_219.png,82200
1022,RGB_cell_cylindrical_1022_294.png,82275
1022,RGB_cell_cylindrical_1022_109.png,82090
1023,RGB_cell_cylindrical_1023_207.png,82490
1023,RGB_cell_cylindrical_1023_294.png,501
1023,RGB_cell_cylindrical_1023_020.png,82303
1023,RGB_cell_cylindrical_1023_233.png,82516
1023,RGB_cell_cylindrical_1023_212.png,82495
1023,RGB_cell_cylindrical_1023_164.png,82447
1023,RGB_cell_cylindrical_1023_124.png,82407
1023,RGB_cell_cylindrical_1023_032.png,82315
1024,RGB_cell_cylindrical_1024_211.png,82796
1024,RGB_cell_cylindrical_1024_296.png,82881
1024,RGB_cell_cylindrical_1024_022.png,82607
1024,RGB_cell_cylindrical_1024_238.png,82823
1024,RGB_cell_cylindrical_1024_218.png,82803
1024,RGB_cell_cylindrical_1024_172.png,82757
1024,RGB_cell_cylindrical_1024_135.png,82720
1024,RGB_cell_cylindrical_1024_037.png,82622
1025,RGB_cell_cylindrical_1025_184.png,83071
1025,RGB_cell_cylindrical_1025_205.png,83092
1025,RGB_cell_cylindrical_1025_129.png,83016
1025,RGB_cell_cylindrical_1025_248.png,83135
1025,RGB_cell_cylindrical_1025_024.png,82911
1025,RGB_cell_cylindrical_1025_159.png,83046
1025,RGB_cell_cylindrical_1025_237.png,83124
1025,RGB_cell_cylindrical_1025_288.png,83175
1026,RGB_cell_cylindrical_1026_211.png,83400
1026,RGB_cell_cylindrical_1026_294.png,83483
1026,RGB_cell_cylindrical_1026_022.png,83211
1026,RGB_cell_cylindrical_1026_236.png,83425
1026,RGB_cell_cylindrical_1026_216.png,83405
1026,RGB_cell_cylindrical_1026_172.png,83361
1026,RGB_cell_cylindrical_1026_133.png,83322
1026,RGB_cell_cylindrical_1026_035.png,83224
1027,RGB_cell_cylindrical_1027_211.png,83702
1027,RGB_cell_cylindrical_1027_294.png,83785
1027,RGB_cell_cylindrical_1027_022.png,83513
1027,RGB_cell_cylindrical_1027_236.png,83727
1027,RGB_cell_cylindrical_1027_216.png,83707
1027,RGB_cell_cylindrical_1027_172.png,83663
1027,RGB_cell_cylindrical_1027_133.png,83624
1027,RGB_cell_cylindrical_1027_035.png,83526
1028,RGB_cell_cylindrical_1028_182.png,83975
1028,RGB_cell_cylindrical_1028_203.png,83996
1028,RGB_cell_cylindrical_1028_129.png,83922
1028,RGB_cell_cylindrical_1028_248.png,84041
1028,RGB_cell_cylindrical_1028_022.png,83815
1028,RGB_cell_cylindrical_1028_159.png,83952
1028,RGB_cell_cylindrical_1028_237.png,84030
1028,RGB_cell_cylindrical_1028_288.png,84081
1029,RGB_cell_cylindrical_1029_211.png,84306
1029,RGB_cell_cylindrical_1029_296.png,84391
1029,RGB_cell_cylindrical_1029_022.png,84117
1029,RGB_cell_cylindrical_1029_238.png,84333
1029,RGB_cell_cylindrical_1029_218.png,84313
1029,RGB_cell_cylindrical_1029_172.png,84267
1029,RGB_cell_cylindrical_1029_133.png,84228
1029,RGB_cell_cylindrical_1029_037.png,84132
1030,RGB_cell_cylindrical_1030_184.png,84581
1030,RGB_cell_cylindrical_1030_205.png,84602
1030,RGB_cell_cylindrical_1030_129.png,84526
1030,RGB_cell_cylindrical_1030_248.png,84645
1030,RGB_cell_cylindrical_1030_024.png,84421
1030,RGB_cell_cylindrical_1030_159.png,84556
1030,RGB_cell_cylindrical_1030_237.png,84634
1030,RGB_cell_cylindrical_1030_288.png,84685
1031,RGB_cell_cylindrical_1031_183.png,84882
1031,RGB_cell_cylindrical_1031_204.png,84903
1031,RGB_cell_cylindrical_1031_128.png,84827
1031,RGB_cell_cylindrical_1031_247.png,84946
1031,RGB_cell_cylindrical_1031_023.png,84722
1031,RGB_cell_cylindrical_1031_158.png,84857
1031,RGB_cell_cylindrical_1031_236.png,84935
1031,RGB_cell_cylindrical_1031_287.png,84986
1032,RGB_cell_cylindrical_1032_211.png,85212
1032,RGB_cell_cylindrical_1032_294.png,85295
1032,RGB_cell_cylindrical_1032_022.png,85023
1032,RGB_cell_cylindrical_1032_236.png,85237
1032,RGB_cell_cylindrical_1032_216.png,85217
1032,RGB_cell_cylindrical_1032_172.png,85173
1032,RGB_cell_cylindrical_1032_133.png,85134
1032,RGB_cell_cylindrical_1032_035.png,85036
1033,RGB_cell_cylindrical_1033_211.png,85514
1033,RGB_cell_cylindrical_1033_294.png,85597
1033,RGB_cell_cylindrical_1033_022.png,85325
1033,RGB_cell_cylindrical_1033_238.png,85541
1033,RGB_cell_cylindrical_1033_218.png,85521
1033,RGB_cell_cylindrical_1033_172.png,85475
1033,RGB_cell_cylindrical_1033_133.png,85436
1033,RGB_cell_cylindrical_1033_035.png,85338
1034,RGB_cell_cylindrical_1034_211.png,85816
1034,RGB_cell_cylindrical_1034_296.png,85901
1034,RGB_cell_cylindrical_1034_022.png,85627
1034,RGB_cell_cylindrical_1034_238.png,85843
1034,RGB_cell_cylindrical_1034_218.png,85823
1034,RGB_cell_cylindrical_1034_172.png,85777
1034,RGB_cell_cylindrical_1034_133.png,85738
1034,RGB_cell_cylindrical_1034_037.png,85642
1035,RGB_cell_cylindrical_1035_184.png,86091
1035,RGB_cell_cylindrical_1035_205.png,86112
1035,RGB_cell_cylindrical_1035_129.png,86036
1035,RGB_cell_cylindrical_1035_248.png,86155
1035,RGB_cell_cylindrical_1035_024.png,85931
1035,RGB_cell_cylindrical_1035_159.png,86066
1035,RGB_cell_cylindrical_1035_237.png,86144
1035,RGB_cell_cylindrical_1035_288.png,86195
1036,RGB_cell_cylindrical_1036_183.png,86392
1036,RGB_cell_cylindrical_1036_204.png,86413
1036,RGB_cell_cylindrical_1036_128.png,86337
1036,RGB_cell_cylindrical_1036_247.png,86456
1036,RGB_cell_cylindrical_1036_023.png,86232
1036,RGB_cell_cylindrical_1036_158.png,86367
1036,RGB_cell_cylindrical_1036_236.png,86445
1036,RGB_cell_cylindrical_1036_287.png,86496
1037,RGB_cell_cylindrical_1037_211.png,86722
1037,RGB_cell_cylindrical_1037_294.png,86805
1037,RGB_cell_cylindrical_1037_022.png,86533
1037,RGB_cell_cylindrical_1037_236.png,86747
1037,RGB_cell_cylindrical_1037_216.png,86727
1037,RGB_cell_cylindrical_1037_172.png,86683
1037,RGB_cell_cylindrical_1037_133.png,86644
1037,RGB_cell_cylindrical_1037_035.png,86546
1038,RGB_cell_cylindrical_1038_211.png,87024
1038,RGB_cell_cylindrical_1038_294.png,87107
1038,RGB_cell_cylindrical_1038_022.png,86835
1038,RGB_cell_cylindrical_1038_238.png,87051
1038,RGB_cell_cylindrical_1038_218.png,87031
1038,RGB_cell_cylindrical_1038_172.png,86985
1038,RGB_cell_cylindrical_1038_133.png,86946
1038,RGB_cell_cylindrical_1038_035.png,86848
1039,RGB_cell_cylindrical_1039_211.png,87326
1039,RGB_cell_cylindrical_1039_296.png,87411
1039,RGB_cell_cylindrical_1039_022.png,87137
1039,RGB_cell_cylindrical_1039_238.png,87353
1039,RGB_cell_cylindrical_1039_218.png,87333
1039,RGB_cell_cylindrical_1039_172.png,87287
1039,RGB_cell_cylindrical_1039_133.png,87248
1039,RGB_cell_cylindrical_1039_037.png,87152
1040,RGB_cell_cylindrical_1040_184.png,87601
1040,RGB_cell_cylindrical_1040_205.png,87622
1040,RGB_cell_cylindrical_1040_129.png,87546
1040,RGB_cell_cylindrical_1040_248.png,87665
1040,RGB_cell_cylindrical_1040_024.png,87441
1040,RGB_cell_cylindrical_1040_159.png,87576
1040,RGB_cell_cylindrical_1040_237.png,87654
1040,RGB_cell_cylindrical_1040_288.png,87705
1041,RGB_cell_cylindrical_1041_183.png,87902
1041,RGB_cell_cylindrical_1041_204.png,87923
1041,RGB_cell_cylindrical_1041_128.png,87847
1041,RGB_cell_cylindrical_1041_247.png,87966
1041,RGB_cell_cylindrical_1041_023.png,87742
1041,RGB_cell_cylindrical_1041_158.png,87877
1041,RGB_cell_cylindrical_1041_236.png,87955
1041,RGB_cell_cylindrical_1041_287.png,88006
1042,RGB_cell_cylindrical_1042_211.png,88232
1042,RGB_cell_cylindrical_1042_294.png,88315
1042,RGB_cell_cylindrical_1042_022.png,88043
1042,RGB_cell_cylindrical_1042_236.png,88257
1042,RGB_cell_cylindrical_1042_216.png,88237
1042,RGB_cell_cylindrical_1042_172.png,88193
1042,RGB_cell_cylindrical_1042_133.png,88154
1042,RGB_cell_cylindrical_1042_035.png,88056
1043,RGB_cell_cylindrical_1043_211.png,88534
1043,RGB_cell_cylindrical_1043_294.png,88617
1043,RGB_cell_cylindrical_1043_022.png,88345
1043,RGB_cell_cylindrical_1043_238.png,88561
1043,RGB_cell_cylindrical_1043_218.png,88541
1043,RGB_cell_cylindrical_1043_172.png,88495
1043,RGB_cell_cylindrical_1043_133.png,88456
1043,RGB_cell_cylindrical_1043_035.png,88358
1044,RGB_cell_cylindrical_1044_211.png,88836
1044,RGB_cell_cylindrical_1044_296.png,88921
1044,RGB_cell_cylindrical_1044_022.png,88647
1044,RGB_cell_cylindrical_1044_238.png,88863
1044,RGB_cell_cylindrical_1044_218.png,88843
1044,RGB_cell_cylindrical_1044_172.png,88797
1044,RGB_cell_cylindrical_1044_133.png,88758
1044,RGB_cell_cylindrical_1044_037.png,88662
1045,RGB_cell_cylindrical_1045_184.png,89111
1045,RGB_cell_cylindrical_1045_205.png,89132
1045,RGB_cell_cylindrical_1045_129.png,89056
1045,RGB_cell_cylindrical_1045_248.png,89175
1045,RGB_cell_cylindrical_1045_024.png,88951
1045,RGB_cell_cylindrical_1045_159.png,89086
1045,RGB_cell_cylindrical_1045_237.png,89164
1045,RGB_cell_cylindrical_1045_288.png,89215
1046,RGB_cell_cylindrical_1046_183.png,89412
1046,RGB_cell_cylindrical_1046_204.png,89433
1046,RGB_cell_cylindrical_1046_128.png,89357
1046,RGB_cell_cylindrical_1046_247.png,89476
1046,RGB_cell_cylindrical_1046_023.png,89252
1046,RGB_cell_cylindrical_1046_158.png,89387
1046,RGB_cell_cylindrical_1046_236.png,89465
1046,RGB_cell_cylindrical_1046_287.png,89516
1047,RGB_cell_cylindrical_1047_211.png,89742
1047,RGB_cell_cylindrical_1047_294.png,89825
1047,RGB_cell_cylindrical_1047_022.png,89553
1047,RGB_cell_cylindrical_1047_236.png,89767
1047,RGB_cell_cylindrical_1047_216.png,89747
1047,RGB_cell_cylindrical_1047_172.png,89703
1047,RGB_cell_cylindrical_1047_133.png,89664
1047,RGB_cell_cylindrical_1047_035.png,89566
1048,RGB_cell_cylindrical_1048_211.png,90044
1048,RGB_cell_cylindrical_1048_294.png,90127
1048,RGB_cell_cylindrical_1048_022.png,89855
1048,RGB_cell_cylindrical_1048_238.png,90071
1048,RGB_cell_cylindrical_1048_218.png,90051
1048,RGB_cell_cylindrical_1048_172.png,90005
1048,RGB_cell_cylindrical_1048_133.png,89966
1048,RGB_cell_cylindrical_1048_035.png,89868
1049,RGB_cell_cylindrical_1049_211.png,90346
1049,RGB_cell_cylindrical_1049_296.png,90431
1049,RGB_cell_cylindrical_1049_022.png,90157
1049,RGB_cell_cylindrical_1049_238.png,90373
1049,RGB_cell_cylindrical_1049_218.png,90353
1049,RGB_cell_cylindrical_1049_172.png,90307
1049,RGB_cell_cylindrical_1049_133.png,90268
1049,RGB_cell_cylindrical_1049_037.png,90172
1050,RGB_cell_cylindrical_1050_184.png,90621
1050,RGB_cell_cylindrical_1050_205.png,90642
1050,RGB_cell_cylindrical_1050_129.png,90566
1050,RGB_cell_cylindrical_1050_248.png,90685
1050,RGB_cell_cylindrical_1050_024.png,90461
1050,RGB_cell_cylindrical_1050_159.png,90596
1050,RGB_cell_cylindrical_1050_237.png,90674
1050,RGB_cell_cylindrical_1050_288.png,90725
1051,RGB_cell_cylindrical_1051_183.png,90922
1051,RGB_cell_cylindrical_1051_204.png,90943
1051,RGB_cell_cylindrical_1051_128.png,90867
1051,RGB_cell_cylindrical_1051_247.png,90986
1051,RGB_cell_cylindrical_1051_023.png,90762
1051,RGB_cell_cylindrical_1051_158.png,90897
1051,RGB_cell_cylindrical_1051_236.png,90975
1051,RGB_cell_cylindrical_1051_287.png,91026
1052,RGB_cell_cylindrical_1052_211.png,91252
1052,RGB_cell_cylindrical_1052_294.png,91335
1052,RGB_cell_cylindrical_1052_022.png,91063
1052,RGB_cell_cylindrical_1052_236.png,91277
1052,RGB_cell_cylindrical_1052_216.png,91257
1052,RGB_cell_cylindrical_1052_172.png,91213
1052,RGB_cell_cylindrical_1052_133.png,91174
1052,RGB_cell_cylindrical_1052_035.png,91076
1053,RGB_cell_cylindrical_1053_211.png,91554
1053,RGB_cell_cylindrical_1053_294.png,91637
1053,RGB_cell_cylindrical_1053_022.png,91365
1053,RGB_cell_cylindrical_1053_238.png,91581
1053,RGB_cell_cylindrical_1053_218.png,91561
1053,RGB_cell_cylindrical_1053_172.png,91515
1053,RGB_cell_cylindrical_1053_133.png,91476
1053,RGB_cell_cylindrical_1053_035.png,91378
1054,RGB_cell_cylindrical_1054_211.png,91856
1054,RGB_cell_cylindrical_1054_296.png,91941
1054,RGB_cell_cylindrical_1054_022.png,91667
1054,RGB_cell_cylindrical_1054_238.png,91883
1054,RGB_cell_cylindrical_1054_218.png,91863
1054,RGB_cell_cylindrical_1054_172.png,91817
1054,RGB_cell_cylindrical_1054_133.png,91778
1054,RGB_cell_cylindrical_1054_037.png,91682
1055,RGB_cell_cylindrical_1055_184.png,92131
1055,RGB_cell_cylindrical_1055_205.png,92152
1055,RGB_cell_cylindrical_1055_129.png,92076
1055,RGB_cell_cylindrical_1055_248.png,92195
1055,RGB_cell_cylindrical_1055_024.png,91971
1055,RGB_cell_cylindrical_1055_159.png,92106
1055,RGB_cell_cylindrical_1055_237.png,92184
1055,RGB_cell_cylindrical_1055_288.png,92235
1056,RGB_cell_cylindrical_1056_183.png,92432
1056,RGB_cell_cylindrical_1056_204.png,92453
1056,RGB_cell_cylindrical_1056_128.png,92377
1056,RGB_cell_cylindrical_1056_247.png,92496
1056,RGB_cell_cylindrical_1056_023.png,92272
1056,RGB_cell_cylindrical_1056_158.png,92407
1056,RGB_cell_cylindrical_1056_236.png,92485
1056,RGB_cell_cylindrical_1056_287.png,92536
1057,RGB_cell_cylindrical_1057_211.png,92762
1057,RGB_cell_cylindrical_1057_294.png,92845
1057,RGB_cell_cylindrical_1057_022.png,92573
1057,RGB_cell_cylindrical_1057_236.png,92787
1057,RGB_cell_cylindrical_1057_216.png,92767
1057,RGB_cell_cylindrical_1057_172.png,92723
1057,RGB_cell_cylindrical_1057_133.png,92684
1057,RGB_cell_cylindrical_1057_035.png,92586
1058,RGB_cell_cylindrical_1058_211.png,93064
1058,RGB_cell_cylindrical_1058_294.png,93147
1058,RGB_cell_cylindrical_1058_022.png,92875
1058,RGB_cell_cylindrical_1058_238.png,93091
1058,RGB_cell_cylindrical_1058_218.png,93071
1058,RGB_cell_cylindrical_1058_172.png,93025
1058,RGB_cell_cylindrical_1058_133.png,92986
1058,RGB_cell_cylindrical_1058_035.png,92888
1059,RGB_cell_cylindrical_1059_211.png,93366
1059,RGB_cell_cylindrical_1059_296.png,93451
1059,RGB_cell_cylindrical_1059_022.png,93177
1059,RGB_cell_cylindrical_1059_238.png,93393
1059,RGB_cell_cylindrical_1059_218.png,93373
1059,RGB_cell_cylindrical_1059_172.png,93327
1059,RGB_cell_cylindrical_1059_133.png,93288
1059,RGB_cell_cylindrical_1059_037.png,93192
1060,RGB_cell_cylindrical_1060_184.png,93641
1060,RGB_cell_cylindrical_1060_205.png,93662
1060,RGB_cell_cylindrical_1060_129.png,535
1060,RGB_cell_cylindrical_1060_248.png,93705
1060,RGB_cell_cylindrical_1060_024.png,93481
1060,RGB_cell_cylindrical_1060_159.png,93616
1060,RGB_cell_cylindrical_1060_237.png,93694
1060,RGB_cell_cylindrical_1060_288.png,93745
1061,RGB_cell_cylindrical_1061_183.png,93942
1061,RGB_cell_cylindrical_1061_204.png,93963
1061,RGB_cell_cylindrical_1061_128.png,93887
1061,RGB_cell_cylindrical_1061_247.png,94006
1061,RGB_cell_cylindrical_1061_023.png,93782
1061,RGB_cell_cylindrical_1061_158.png,93917
1061,RGB_cell_cylindrical_1061_236.png,93995
1061,RGB_cell_cylindrical_1061_287.png,94046
1062,RGB_cell_cylindrical_1062_211.png,94272
1062,RGB_cell_cylindrical_1062_294.png,94355
1062,RGB_cell_cylindrical_1062_022.png,94083
1062,RGB_cell_cylindrical_1062_236.png,94297
1062,RGB_cell_cylindrical_1062_216.png,94277
1062,RGB_cell_cylindrical_1062_172.png,94233
1062,RGB_cell_cylindrical_1062_133.png,94194
1062,RGB_cell_cylindrical_1062_035.png,94096
1063,RGB_cell_cylindrical_1063_211.png,94574
1063,RGB_cell_cylindrical_1063_294.png,94657
1063,RGB_cell_cylindrical_1063_022.png,94385
1063,RGB_cell_cylindrical_1063_238.png,94601
1063,RGB_cell_cylindrical_1063_218.png,94581
1063,RGB_cell_cylindrical_1063_172.png,94535
1063,RGB_cell_cylindrical_1063_133.png,94496
1063,RGB_cell_cylindrical_1063_035.png,94398
1064,RGB_cell_cylindrical_1064_211.png,94876
1064,RGB_cell_cylindrical_1064_296.png,94961
1064,RGB_cell_cylindrical_1064_022.png,94687
1064,RGB_cell_cylindrical_1064_238.png,94903
1064,RGB_cell_cylindrical_1064_218.png,94883
1064,RGB_cell_cylindrical_1064_172.png,94837
1064,RGB_cell_cylindrical_1064_133.png,94798
1064,RGB_cell_cylindrical_1064_037.png,94702
1065,RGB_cell_cylindrical_1065_184.png,95151
1065,RGB_cell_cylindrical_1065_205.png,95172
1065,RGB_cell_cylindrical_1065_129.png,95096
1065,RGB_cell_cylindrical_1065_248.png,95215
1065,RGB_cell_cylindrical_1065_024.png,94991
1065,RGB_cell_cylindrical_1065_159.png,95126
1065,RGB_cell_cylindrical_1065_237.png,95204
1065,RGB_cell_cylindrical_1065_288.png,95255
1066,RGB_cell_cylindrical_1066_183.png,95452
1066,RGB_cell_cylindrical_1066_204.png,95473
1066,RGB_cell_cylindrical_1066_128.png,95397
1066,RGB_cell_cylindrical_1066_247.png,95516
1066,RGB_cell_cylindrical_1066_023.png,95292
1066,RGB_cell_cylindrical_1066_158.png,95427
1066,RGB_cell_cylindrical_1066_236.png,95505
1066,RGB_cell_cylindrical_1066_287.png,95556
1067,RGB_cell_cylindrical_1067_211.png,95782
1067,RGB_cell_cylindrical_1067_294.png,95865
1067,RGB_cell_cylindrical_1067_022.png,95593
1067,RGB_cell_cylindrical_1067_236.png,95807
1067,RGB_cell_cylindrical_1067_216.png,95787
1067,RGB_cell_cylindrical_1067_172.png,95743
1067,RGB_cell_cylindrical_1067_133.png,95704
1067,RGB_cell_cylindrical_1067_035.png,95606
1068,RGB_cell_cylindrical_1068_211.png,96084
1068,RGB_cell_cylindrical_1068_294.png,96167
1068,RGB_cell_cylindrical_1068_022.png,95895
1068,RGB_cell_cylindrical_1068_238.png,96111
1068,RGB_cell_cylindrical_1068_218.png,96091
1068,RGB_cell_cylindrical_1068_172.png,96045
1068,RGB_cell_cylindrical_1068_133.png,96006
1068,RGB_cell_cylindrical_1068_035.png,95908
1069,RGB_cell_cylindrical_1069_211.png,96386
1069,RGB_cell_cylindrical_1069_296.png,96471
1069,RGB_cell_cylindrical_1069_022.png,96197
1069,RGB_cell_cylindrical_1069_238.png,96413
1069,RGB_cell_cylindrical_1069_218.png,96393
1069,RGB_cell_cylindrical_1069_172.png,96347
1069,RGB_cell_cylindrical_1069_133.png,96308
1069,RGB_cell_cylindrical_1069_037.png,96212
1070,RGB_cell_cylindrical_1070_184.png,96661
1070,RGB_cell_cylindrical_1070_205.png,96682
1070,RGB_cell_cylindrical_1070_129.png,96606
1070,RGB_cell_cylindrical_1070_248.png,96725
1070,RGB_cell_cylindrical_1070_024.png,96501
1070,RGB_cell_cylindrical_1070_159.png,96636
1070,RGB_cell_cylindrical_1070_237.png,96714
1070,RGB_cell_cylindrical_1070_288.png,96765
1071,RGB_cell_cylindrical_1071_183.png,96962
1071,RGB_cell_cylindrical_1071_204.png,96983
1071,RGB_cell_cylindrical_1071_128.png,96907
1071,RGB_cell_cylindrical_1071_247.png,97026
1071,RGB_cell_cylindrical_1071_023.png,96802
1071,RGB_cell_cylindrical_1071_158.png,96937
1071,RGB_cell_cylindrical_1071_236.png,97015
1071,RGB_cell_cylindrical_1071_287.png,97066
1072,RGB_cell_cylindrical_1072_211.png,97292
1072,RGB_cell_cylindrical_1072_294.png,97375
1072,RGB_cell_cylindrical_1072_022.png,97103
1072,RGB_cell_cylindrical_1072_236.png,97317
1072,RGB_cell_cylindrical_1072_216.png,97297
1072,RGB_cell_cylindrical_1072_172.png,97253
1072,RGB_cell_cylindrical_1072_133.png,97214
1072,RGB_cell_cylindrical_1072_035.png,97116
1073,RGB_cell_cylindrical_1073_211.png,97594
1073,RGB_cell_cylindrical_1073_294.png,97677
1073,RGB_cell_cylindrical_1073_022.png,97405
1073,RGB_cell_cylindrical_1073_238.png,97621
1073,RGB_cell_cylindrical_1073_218.png,97601
1073,RGB_cell_cylindrical_1073_172.png,97555
1073,RGB_cell_cylindrical_1073_133.png,97516
1073,RGB_cell_cylindrical_1073_035.png,97418
1074,RGB_cell_cylindrical_1074_211.png,97896
1074,RGB_cell_cylindrical_1074_296.png,97981
1074,RGB_cell_cylindrical_1074_022.png,97707
1074,RGB_cell_cylindrical_1074_238.png,97923
1074,RGB_cell_cylindrical_1074_218.png,97903
1074,RGB_cell_cylindrical_1074_172.png,97857
1074,RGB_cell_cylindrical_1074_133.png,97818
1074,RGB_cell_cylindrical_1074_037.png,97722
1075,RGB_cell_cylindrical_1075_184.png,98171
1075,RGB_cell_cylindrical_1075_205.png,98192
1075,RGB_cell_cylindrical_1075_129.png,98116
1075,RGB_cell_cylindrical_1075_248.png,98235
1075,RGB_cell_cylindrical_1075_024.png,98011
1075,RGB_cell_cylindrical_1075_159.png,98146
1075,RGB_cell_cylindrical_1075_237.png,98224
1075,RGB_cell_cylindrical_1075_288.png,98275
1076,RGB_cell_cylindrical_1076_183.png,98472
1076,RGB_cell_cylindrical_1076_204.png,98493
1076,RGB_cell_cylindrical_1076_128.png,98417
1076,RGB_cell_cylindrical_1076_247.png,98536
1076,RGB_cell_cylindrical_1076_023.png,98312
1076,RGB_cell_cylindrical_1076_158.png,98447
1076,RGB_cell_cylindrical_1076_236.png,98525
1076,RGB_cell_cylindrical_1076_287.png,98576
1077,RGB_cell_cylindrical_1077_211.png,98802
1077,RGB_cell_cylindrical_1077_294.png,98885
1077,RGB_cell_cylindrical_1077_022.png,98613
1077,RGB_cell_cylindrical_1077_236.png,98827
1077,RGB_cell_cylindrical_1077_216.png,98807
1077,RGB_cell_cylindrical_1077_172.png,98763
1077,RGB_cell_cylindrical_1077_133.png,98724
1077,RGB_cell_cylindrical_1077_035.png,98626
1078,RGB_cell_cylindrical_1078_211.png,99104
1078,RGB_cell_cylindrical_1078_294.png,99187
1078,RGB_cell_cylindrical_1078_022.png,98915
1078,RGB_cell_cylindrical_1078_238.png,99131
1078,RGB_cell_cylindrical_1078_218.png,99111
1078,RGB_cell_cylindrical_1078_172.png,99065
1078,RGB_cell_cylindrical_1078_133.png,99026
1078,RGB_cell_cylindrical_1078_035.png,98928
1079,RGB_cell_cylindrical_1079_211.png,99406
1079,RGB_cell_cylindrical_1079_296.png,99491
1079,RGB_cell_cylindrical_1079_022.png,99217
1079,RGB_cell_cylindrical_1079_238.png,99433
1079,RGB_cell_cylindrical_1079_218.png,99413
1079,RGB_cell_cylindrical_1079_172.png,99367
1079,RGB_cell_cylindrical_1079_133.png,99328
1079,RGB_cell_cylindrical_1079_037.png,99232
1080,RGB_cell_cylindrical_1080_184.png,99681
1080,RGB_cell_cylindrical_1080_205.png,99702
1080,RGB_cell_cylindrical_1080_129.png,99626
1080,RGB_cell_cylindrical_1080_248.png,99745
1080,RGB_cell_cylindrical_1080_024.png,99521
1080,RGB_cell_cylindrical_1080_159.png,99656
1080,RGB_cell_cylindrical_1080_237.png,99734
1080,RGB_cell_cylindrical_1080_288.png,99785
1081,RGB_cell_cylindrical_1081_183.png,99982
1081,RGB_cell_cylindrical_1081_204.png,100003
1081,RGB_cell_cylindrical_1081_128.png,99927
1081,RGB_cell_cylindrical_1081_247.png,100046
1081,RGB_cell_cylindrical_1081_023.png,99822
1081,RGB_cell_cylindrical_1081_158.png,99957
1081,RGB_cell_cylindrical_1081_236.png,100035
1081,RGB_cell_cylindrical_1081_287.png,100086
1082,RGB_cell_cylindrical_1082_211.png,100312
1082,RGB_cell_cylindrical_1082_294.png,100395
1082,RGB_cell_cylindrical_1082_022.png,100123
1082,RGB_cell_cylindrical_1082_236.png,100337
1082,RGB_cell_cylindrical_1082_216.png,100317
1082,RGB_cell_cylindrical_1082_172.png,100273
1082,RGB_cell_cylindrical_1082_133.png,100234
1082,RGB_cell_cylindrical_1082_035.png,100136
1083,RGB_cell_cylindrical_1083_211.png,100614
1083,RGB_cell_cylindrical_1083_294.png,100697
1083,RGB_cell_cylindrical_1083_022.png,100425
1083,RGB_cell_cylindrical_1083_238.png,100641
1083,RGB_cell_cylindrical_1083_218.png,100621
1083,RGB_cell_cylindrical_1083_172.png,100575
1083,RGB_cell_cylindrical_1083_133.png,100536
1083,RGB_cell_cylindrical_1083_035.png,100438
1084,RGB_cell_cylindrical_1084_211.png,100916
1084,RGB_cell_cylindrical_1084_296.png,101001
1084,RGB_cell_cylindrical_1084_022.png,100727
1084,RGB_cell_cylindrical_1084_238.png,100943
1084,RGB_cell_cylindrical_1084_218.png,100923
1084,RGB_cell_cylindrical_1084_172.png,100877
1084,RGB_cell_cylindrical_1084_133.png,100838
1084,RGB_cell_cylindrical_1084_037.png,100742
1085,RGB_cell_cylindrical_1085_184.png,101191
1085,RGB_cell_cylindrical_1085_205.png,101212
1085,RGB_cell_cylindrical_1085_129.png,101136
1085,RGB_cell_cylindrical_1085_248.png,101255
1085,RGB_cell_cylindrical_1085_024.png,101031
1085,RGB_cell_cylindrical_1085_159.png,101166
1085,RGB_cell_cylindrical_1085_237.png,101244
1085,RGB_cell_cylindrical_1085_288.png,101295
1086,RGB_cell_cylindrical_1086_183.png,101492
1086,RGB_cell_cylindrical_1086_204.png,101513
1086,RGB_cell_cylindrical_1086_128.png,101437
1086,RGB_cell_cylindrical_1086_247.png,101556
1086,RGB_cell_cylindrical_1086_023.png,101332
1086,RGB_cell_cylindrical_1086_158.png,101467
1086,RGB_cell_cylindrical_1086_236.png,101545
1086,RGB_cell_cylindrical_1086_287.png,101596
1087,RGB_cell_cylindrical_1087_183.png,101794
1087,RGB_cell_cylindrical_1087_204.png,101815
1087,RGB_cell_cylindrical_1087_127.png,101738
1087,RGB_cell_cylindrical_1087_247.png,101858
1087,RGB_cell_cylindrical_1087_022.png,101633
1087,RGB_cell_cylindrical_1087_157.png,101768
1087,RGB_cell_cylindrical_1087_236.png,101847
1087,RGB_cell_cylindrical_1087_287.png,101898
1088,RGB_cell_cylindrical_1088_211.png,102124
1088,RGB_cell_cylindrical_1088_294.png,102207
1088,RGB_cell_cylindrical_1088_022.png,101935
1088,RGB_cell_cylindrical_1088_236.png,102149
1088,RGB_cell_cylindrical_1088_216.png,102129
1088,RGB_cell_cylindrical_1088_172.png,102085
1088,RGB_cell_cylindrical_1088_133.png,102046
1088,RGB_cell_cylindrical_1088_035.png,101948
1089,RGB_cell_cylindrical_1089_211.png,102426
1089,RGB_cell_cylindrical_1089_294.png,102509
1089,RGB_cell_cylindrical_1089_022.png,102237
1089,RGB_cell_cylindrical_1089_238.png,102453
1089,RGB_cell_cylindrical_1089_218.png,102433
1089,RGB_cell_cylindrical_1089_172.png,102387
1089,RGB_cell_cylindrical_1089_133.png,102348
1089,RGB_cell_cylindrical_1089_037.png,102252
1090,RGB_cell_cylindrical_1090_211.png,102728
1090,RGB_cell_cylindrical_1090_296.png,102813
1090,RGB_cell_cylindrical_1090_022.png,102539
1090,RGB_cell_cylindrical_1090_238.png,102755
1090,RGB_cell_cylindrical_1090_218.png,102735
1090,RGB_cell_cylindrical_1090_172.png,102689
1090,RGB_cell_cylindrical_1090_135.png,102652
1090,RGB_cell_cylindrical_1090_037.png,102554
1091,RGB_cell_cylindrical_1091_184.png,558
1091,RGB_cell_cylindrical_1091_205.png,103024
1091,RGB_cell_cylindrical_1091_129.png,102948
1091,RGB_cell_cylindrical_1091_248.png,103067
1091,RGB_cell_cylindrical_1091_024.png,102843
1091,RGB_cell_cylindrical_1091_159.png,102978
1091,RGB_cell_cylindrical_1091_237.png,103056
1091,RGB_cell_cylindrical_1091_288.png,103107
1092,RGB_cell_cylindrical_1092_211.png,103332
1092,RGB_cell_cylindrical_1092_294.png,103415
1092,RGB_cell_cylindrical_1092_022.png,103143
1092,RGB_cell_cylindrical_1092_236.png,103357
1092,RGB_cell_cylindrical_1092_216.png,103337
1092,RGB_cell_cylindrical_1092_172.png,103293
1092,RGB_cell_cylindrical_1092_133.png,103254
1092,RGB_cell_cylindrical_1092_035.png,103156
1093,RGB_cell_cylindrical_1093_211.png,103634
1093,RGB_cell_cylindrical_1093_294.png,103717
1093,RGB_cell_cylindrical_1093_022.png,103445
1093,RGB_cell_cylindrical_1093_236.png,103659
1093,RGB_cell_cylindrical_1093_216.png,103639
1093,RGB_cell_cylindrical_1093_172.png,103595
1093,RGB_cell_cylindrical_1093_133.png,103556
1093,RGB_cell_cylindrical_1093_035.png,103458
1094,RGB_cell_cylindrical_1094_211.png,103936
1094,RGB_cell_cylindrical_1094_294.png,104019
1094,RGB_cell_cylindrical_1094_022.png,103747
1094,RGB_cell_cylindrical_1094_238.png,103963
1094,RGB_cell_cylindrical_1094_218.png,103943
1094,RGB_cell_cylindrical_1094_172.png,103897
1094,RGB_cell_cylindrical_1094_133.png,103858
1094,RGB_cell_cylindrical_1094_037.png,103762
1095,RGB_cell_cylindrical_1095_211.png,104238
1095,RGB_cell_cylindrical_1095_296.png,104323
1095,RGB_cell_cylindrical_1095_022.png,104049
1095,RGB_cell_cylindrical_1095_238.png,104265
1095,RGB_cell_cylindrical_1095_218.png,104245
1095,RGB_cell_cylindrical_1095_172.png,104199
1095,RGB_cell_cylindrical_1095_135.png,104162
1095,RGB_cell_cylindrical_1095_037.png,104064
1096,RGB_cell_cylindrical_1096_184.png,104513
1096,RGB_cell_cylindrical_1096_205.png,104534
1096,RGB_cell_cylindrical_1096_129.png,104458
1096,RGB_cell_cylindrical_1096_248.png,104577
1096,RGB_cell_cylindrical_1096_024.png,104353
1096,RGB_cell_cylindrical_1096_159.png,104488
1096,RGB_cell_cylindrical_1096_237.png,104566
1096,RGB_cell_cylindrical_1096_288.png,104617
1097,RGB_cell_cylindrical_1097_211.png,104842
1097,RGB_cell_cylindrical_1097_294.png,104925
1097,RGB_cell_cylindrical_1097_022.png,104653
1097,RGB_cell_cylindrical_1097_236.png,104867
1097,RGB_cell_cylindrical_1097_216.png,104847
1097,RGB_cell_cylindrical_1097_172.png,104803
1097,RGB_cell_cylindrical_1097_133.png,104764
1097,RGB_cell_cylindrical_1097_035.png,104666
1098,RGB_cell_cylindrical_1098_211.png,105144
1098,RGB_cell_cylindrical_1098_294.png,105227
1098,RGB_cell_cylindrical_1098_022.png,104955
1098,RGB_cell_cylindrical_1098_236.png,105169
1098,RGB_cell_cylindrical_1098_216.png,105149
1098,RGB_cell_cylindrical_1098_172.png,105105
1098,RGB_cell_cylindrical_1098_133.png,105066
1098,RGB_cell_cylindrical_1098_035.png,104968
1099,RGB_cell_cylindrical_1099_211.png,105446
1099,RGB_cell_cylindrical_1099_294.png,105529
1099,RGB_cell_cylindrical_1099_022.png,105257
1099,RGB_cell_cylindrical_1099_238.png,105473
1099,RGB_cell_cylindrical_1099_218.png,105453
1099,RGB_cell_cylindrical_1099_172.png,105407
1099,RGB_cell_cylindrical_1099_133.png,105368
1099,RGB_cell_cylindrical_1099_037.png,105272
1100,RGB_cell_cylindrical_1100_211.png,105748
1100,RGB_cell_cylindrical_1100_296.png,105833
1100,RGB_cell_cylindrical_1100_022.png,105559
1100,RGB_cell_cylindrical_1100_238.png,105775
1100,RGB_cell_cylindrical_1100_218.png,105755
1100,RGB_cell_cylindrical_1100_172.png,105709
1100,RGB_cell_cylindrical_1100_135.png,105672
1100,RGB_cell_cylindrical_1100_037.png,105574
1101,RGB_cell_cylindrical_1101_184.png,106023
1101,RGB_cell_cylindrical_1101_205.png,106044
1101,RGB_cell_cylindrical_1101_129.png,105968
1101,RGB_cell_cylindrical_1101_248.png,106087
1101,RGB_cell_cylindrical_1101_024.png,105863
1101,RGB_cell_cylindrical_1101_159.png,105998
1101,RGB_cell_cylindrical_1101_237.png,106076
1101,RGB_cell_cylindrical_1101_288.png,106127
1102,RGB_cell_cylindrical_1102_211.png,106352
1102,RGB_cell_cylindrical_1102_294.png,106435
1102,RGB_cell_cylindrical_1102_022.png,106163
1102,RGB_cell_cylindrical_1102_236.png,106377
1102,RGB_cell_cylindrical_1102_216.png,106357
1102,RGB_cell_cylindrical_1102_172.png,106313
1102,RGB_cell_cylindrical_1102_133.png,106274
1102,RGB_cell_cylindrical_1102_035.png,106176
1103,RGB_cell_cylindrical_1103_211.png,106654
1103,RGB_cell_cylindrical_1103_294.png,106737
1103,RGB_cell_cylindrical_1103_022.png,106465
1103,RGB_cell_cylindrical_1103_236.png,106679
1103,RGB_cell_cylindrical_1103_216.png,106659
1103,RGB_cell_cylindrical_1103_172.png,106615
1103,RGB_cell_cylindrical_1103_133.png,106576
1103,RGB_cell_cylindrical_1103_035.png,106478
1104,RGB_cell_cylindrical_1104_211.png,106956
1104,RGB_cell_cylindrical_1104_294.png,107039
1104,RGB_cell_cylindrical_1104_022.png,106767
1104,RGB_cell_cylindrical_1104_238.png,106983
1104,RGB_cell_cylindrical_1104_218.png,106963
1104,RGB_cell_cylindrical_1104_172.png,106917
1104,RGB_cell_cylindrical_1104_133.png,106878
1104,RGB_cell_cylindrical_1104_037.png,106782
1105,RGB_cell_cylindrical_1105_211.png,107258
1105,RGB_cell_cylindrical_1105_296.png,107343
1105,RGB_cell_cylindrical_1105_022.png,107069
1105,RGB_cell_cylindrical_1105_238.png,107285
1105,RGB_cell_cylindrical_1105_218.png,107265
1105,RGB_cell_cylindrical_1105_172.png,107219
1105,RGB_cell_cylindrical_1105_135.png,107182
1105,RGB_cell_cylindrical_1105_037.png,107084
1106,RGB_cell_cylindrical_1106_184.png,107533
1106,RGB_cell_cylindrical_1106_205.png,107554
1106,RGB_cell_cylindrical_1106_129.png,107478
1106,RGB_cell_cylindrical_1106_248.png,107597
1106,RGB_cell_cylindrical_1106_024.png,107373
1106,RGB_cell_cylindrical_1106_159.png,107508
1106,RGB_cell_cylindrical_1106_237.png,107586
1106,RGB_cell_cylindrical_1106_288.png,107637
1107,RGB_cell_cylindrical_1107_211.png,107862
1107,RGB_cell_cylindrical_1107_294.png,107945
1107,RGB_cell_cylindrical_1107_022.png,107673
1107,RGB_cell_cylindrical_1107_236.png,107887
1107,RGB_cell_cylindrical_1107_216.png,107867
1107,RGB_cell_cylindrical_1107_172.png,107823
1107,RGB_cell_cylindrical_1107_133.png,107784
1107,RGB_cell_cylindrical_1107_035.png,107686
1108,RGB_cell_cylindrical_1108_211.png,108164
1108,RGB_cell_cylindrical_1108_294.png,108247
1108,RGB_cell_cylindrical_1108_022.png,107975
1108,RGB_cell_cylindrical_1108_236.png,108189
1108,RGB_cell_cylindrical_1108_216.png,108169
1108,RGB_cell_cylindrical_1108_172.png,108125
1108,RGB_cell_cylindrical_1108_133.png,108086
1108,RGB_cell_cylindrical_1108_035.png,107988
1109,RGB_cell_cylindrical_1109_211.png,108466
1109,RGB_cell_cylindrical_1109_294.png,108549
1109,RGB_cell_cylindrical_1109_022.png,108277
1109,RGB_cell_cylindrical_1109_238.png,108493
1109,RGB_cell_cylindrical_1109_218.png,108473
1109,RGB_cell_cylindrical_1109_172.png,108427
1109,RGB_cell_cylindrical_1109_133.png,108388
1109,RGB_cell_cylindrical_1109_037.png,108292
1110,RGB_cell_cylindrical_1110_211.png,108768
1110,RGB_cell_cylindrical_1110_296.png,108853
1110,RGB_cell_cylindrical_1110_022.png,108579
1110,RGB_cell_cylindrical_1110_238.png,108795
1110,RGB_cell_cylindrical_1110_218.png,108775
1110,RGB_cell_cylindrical_1110_172.png,108729
1110,RGB_cell_cylindrical_1110_135.png,108692
1110,RGB_cell_cylindrical_1110_037.png,108594
1111,RGB_cell_cylindrical_1111_184.png,109043
1111,RGB_cell_cylindrical_1111_205.png,109064
1111,RGB_cell_cylindrical_1111_129.png,108988
1111,RGB_cell_cylindrical_1111_248.png,109107
1111,RGB_cell_cylindrical_1111_024.png,108883
1111,RGB_cell_cylindrical_1111_159.png,109018
1111,RGB_cell_cylindrical_1111_237.png,109096
1111,RGB_cell_cylindrical_1111_288.png,109147
1112,RGB_cell_cylindrical_1112_211.png,109372
1112,RGB_cell_cylindrical_1112_294.png,109455
1112,RGB_cell_cylindrical_1112_022.png,109183
1112,RGB_cell_cylindrical_1112_236.png,109397
1112,RGB_cell_cylindrical_1112_216.png,109377
1112,RGB_cell_cylindrical_1112_172.png,109333
1112,RGB_cell_cylindrical_1112_133.png,109294
1112,RGB_cell_cylindrical_1112_035.png,109196
1113,RGB_cell_cylindrical_1113_211.png,109674
1113,RGB_cell_cylindrical_1113_294.png,109757
1113,RGB_cell_cylindrical_1113_022.png,109485
1113,RGB_cell_cylindrical_1113_236.png,109699
1113,RGB_cell_cylindrical_1113_216.png,109679
1113,RGB_cell_cylindrical_1113_172.png,109635
1113,RGB_cell_cylindrical_1113_133.png,109596
1113,RGB_cell_cylindrical_1113_035.png,109498
1114,RGB_cell_cylindrical_1114_211.png,573
1114,RGB_cell_cylindrical_1114_294.png,110059
1114,RGB_cell_cylindrical_1114_022.png,109787
1114,RGB_cell_cylindrical_1114_238.png,110003
1114,RGB_cell_cylindrical_1114_218.png,109983
1114,RGB_cell_cylindrical_1114_172.png,109937
1114,RGB_cell_cylindrical_1114_133.png,109898
1114,RGB_cell_cylindrical_1114_037.png,109802
1115,RGB_cell_cylindrical_1115_211.png,110278
1115,RGB_cell_cylindrical_1115_296.png,110363
1115,RGB_cell_cylindrical_1115_022.png,110089
1115,RGB_cell_cylindrical_1115_238.png,110305
1115,RGB_cell_cylindrical_1115_218.png,110285
1115,RGB_cell_cylindrical_1115_172.png,110239
1115,RGB_cell_cylindrical_1115_135.png,110202
1115,RGB_cell_cylindrical_1115_037.png,110104
1116,RGB_cell_cylindrical_1116_184.png,110553
1116,RGB_cell_cylindrical_1116_205.png,110574
1116,RGB_cell_cylindrical_1116_129.png,110498
1116,RGB_cell_cylindrical_1116_248.png,110617
1116,RGB_cell_cylindrical_1116_024.png,110393
1116,RGB_cell_cylindrical_1116_159.png,110528
1116,RGB_cell_cylindrical_1116_237.png,110606
1116,RGB_cell_cylindrical_1116_288.png,110657
1117,RGB_cell_cylindrical_1117_211.png,110882
1117,RGB_cell_cylindrical_1117_294.png,110965
1117,RGB_cell_cylindrical_1117_022.png,110693
1117,RGB_cell_cylindrical_1117_236.png,110907
1117,RGB_cell_cylindrical_1117_216.png,110887
1117,RGB_cell_cylindrical_1117_172.png,110843
1117,RGB_cell_cylindrical_1117_133.png,110804
1117,RGB_cell_cylindrical_1117_035.png,110706
1118,RGB_cell_cylindrical_1118_211.png,111184
1118,RGB_cell_cylindrical_1118_294.png,111267
1118,RGB_cell_cylindrical_1118_022.png,110995
1118,RGB_cell_cylindrical_1118_236.png,111209
1118,RGB_cell_cylindrical_1118_216.png,111189
1118,RGB_cell_cylindrical_1118_172.png,111145
1118,RGB_cell_cylindrical_1118_133.png,111106
1118,RGB_cell_cylindrical_1118_035.png,111008
1119,RGB_cell_cylindrical_1119_211.png,111486
1119,RGB_cell_cylindrical_1119_294.png,111569
1119,RGB_cell_cylindrical_1119_022.png,111297
1119,RGB_cell_cylindrical_1119_238.png,111513
1119,RGB_cell_cylindrical_1119_218.png,111493
1119,RGB_cell_cylindrical_1119_172.png,111447
1119,RGB_cell_cylindrical_1119_133.png,111408
1119,RGB_cell_cylindrical_1119_037.png,111312
1120,RGB_cell_cylindrical_1120_211.png,111788
1120,RGB_cell_cylindrical_1120_296.png,111873
1120,RGB_cell_cylindrical_1120_022.png,111599
1120,RGB_cell_cylindrical_1120_238.png,111815
1120,RGB_cell_cylindrical_1120_218.png,111795
1120,RGB_cell_cylindrical_1120_172.png,111749
1120,RGB_cell_cylindrical_1120_135.png,111712
1120,RGB_cell_cylindrical_1120_037.png,111614
1121,RGB_cell_cylindrical_1121_184.png,112063
1121,RGB_cell_cylindrical_1121_205.png,112084
1121,RGB_cell_cylindrical_1121_129.png,112008
1121,RGB_cell_cylindrical_1121_248.png,112127
1121,RGB_cell_cylindrical_1121_024.png,111903
1121,RGB_cell_cylindrical_1121_159.png,112038
1121,RGB_cell_cylindrical_1121_237.png,112116
1121,RGB_cell_cylindrical_1121_288.png,112167
1122,RGB_cell_cylindrical_1122_211.png,112392
1122,RGB_cell_cylindrical_1122_294.png,112475
1122,RGB_cell_cylindrical_1122_022.png,112203
1122,RGB_cell_cylindrical_1122_236.png,112417
1122,RGB_cell_cylindrical_1122_216.png,112397
1122,RGB_cell_cylindrical_1122_172.png,112353
1122,RGB_cell_cylindrical_1122_133.png,112314
1122,RGB_cell_cylindrical_1122_035.png,112216
1123,RGB_cell_cylindrical_1123_211.png,112694
1123,RGB_cell_cylindrical_1123_294.png,112777
1123,RGB_cell_cylindrical_1123_022.png,112505
1123,RGB_cell_cylindrical_1123_236.png,112719
1123,RGB_cell_cylindrical_1123_216.png,112699
1123,RGB_cell_cylindrical_1123_172.png,112655
1123,RGB_cell_cylindrical_1123_133.png,112616
1123,RGB_cell_cylindrical_1123_035.png,112518
1124,RGB_cell_cylindrical_1124_211.png,112996
1124,RGB_cell_cylindrical_1124_294.png,113079
1124,RGB_cell_cylindrical_1124_022.png,112807
1124,RGB_cell_cylindrical_1124_238.png,113023
1124,RGB_cell_cylindrical_1124_218.png,113003
1124,RGB_cell_cylindrical_1124_172.png,112957
1124,RGB_cell_cylindrical_1124_133.png,112918
1124,RGB_cell_cylindrical_1124_037.png,112822
1125,RGB_cell_cylindrical_1125_211.png,113298
1125,RGB_cell_cylindrical_1125_296.png,113383
1125,RGB_cell_cylindrical_1125_022.png,113109
1125,RGB_cell_cylindrical_1125_238.png,113325
1125,RGB_cell_cylindrical_1125_218.png,113305
1125,RGB_cell_cylindrical_1125_172.png,113259
1125,RGB_cell_cylindrical_1125_135.png,113222
1125,RGB_cell_cylindrical_1125_037.png,113124
1126,RGB_cell_cylindrical_1126_184.png,113573
1126,RGB_cell_cylindrical_1126_205.png,113594
1126,RGB_cell_cylindrical_1126_129.png,113518
1126,RGB_cell_cylindrical_1126_248.png,113637
1126,RGB_cell_cylindrical_1126_024.png,113413
1126,RGB_cell_cylindrical_1126_159.png,113548
1126,RGB_cell_cylindrical_1126_237.png,113626
1126,RGB_cell_cylindrical_1126_288.png,113677
1127,RGB_cell_cylindrical_1127_211.png,113902
1127,RGB_cell_cylindrical_1127_294.png,113985
1127,RGB_cell_cylindrical_1127_022.png,113713
1127,RGB_cell_cylindrical_1127_236.png,113927
1127,RGB_cell_cylindrical_1127_216.png,113907
1127,RGB_cell_cylindrical_1127_172.png,113863
1127,RGB_cell_cylindrical_1127_133.png,113824
1127,RGB_cell_cylindrical_1127_035.png,113726
1128,RGB_cell_cylindrical_1128_211.png,114204
1128,RGB_cell_cylindrical_1128_294.png,114287
1128,RGB_cell_cylindrical_1128_022.png,114015
1128,RGB_cell_cylindrical_1128_236.png,114229
1128,RGB_cell_cylindrical_1128_216.png,114209
1128,RGB_cell_cylindrical_1128_172.png,114165
1128,RGB_cell_cylindrical_1128_133.png,114126
1128,RGB_cell_cylindrical_1128_035.png,114028
1129,RGB_cell_cylindrical_1129_211.png,114506
1129,RGB_cell_cylindrical_1129_294.png,114589
1129,RGB_cell_cylindrical_1129_022.png,114317
1129,RGB_cell_cylindrical_1129_238.png,114533
1129,RGB_cell_cylindrical_1129_218.png,114513
1129,RGB_cell_cylindrical_1129_172.png,114467
1129,RGB_cell_cylindrical_1129_133.png,114428
1129,RGB_cell_cylindrical_1129_037.png,114332
1130,RGB_cell_cylindrical_1130_211.png,114808
1130,RGB_cell_cylindrical_1130_296.png,114893
1130,RGB_cell_cylindrical_1130_022.png,114619
1130,RGB_cell_cylindrical_1130_238.png,114835
1130,RGB_cell_cylindrical_1130_218.png,114815
1130,RGB_cell_cylindrical_1130_172.png,114769
1130,RGB_cell_cylindrical_1130_135.png,114732
1130,RGB_cell_cylindrical_1130_037.png,114634
1131,RGB_cell_cylindrical_1131_184.png,115083
1131,RGB_cell_cylindrical_1131_205.png,115104
1131,RGB_cell_cylindrical_1131_129.png,115028
1131,RGB_cell_cylindrical_1131_248.png,115147
1131,RGB_cell_cylindrical_1131_024.png,114923
1131,RGB_cell_cylindrical_1131_159.png,115058
1131,RGB_cell_cylindrical_1131_237.png,115136
1131,RGB_cell_cylindrical_1131_288.png,115187
1132,RGB_cell_cylindrical_1132_211.png,115412
1132,RGB_cell_cylindrical_1132_294.png,115495
1132,RGB_cell_cylindrical_1132_022.png,115223
1132,RGB_cell_cylindrical_1132_236.png,115437
1132,RGB_cell_cylindrical_1132_216.png,115417
1132,RGB_cell_cylindrical_1132_172.png,115373
1132,RGB_cell_cylindrical_1132_133.png,115334
1132,RGB_cell_cylindrical_1132_035.png,115236
1133,RGB_cell_cylindrical_1133_211.png,115714
1133,RGB_cell_cylindrical_1133_294.png,115797
1133,RGB_cell_cylindrical_1133_022.png,115525
1133,RGB_cell_cylindrical_1133_236.png,115739
1133,RGB_cell_cylindrical_1133_216.png,115719
1133,RGB_cell_cylindrical_1133_172.png,115675
1133,RGB_cell_cylindrical_1133_133.png,115636
1133,RGB_cell_cylindrical_1133_035.png,115538
1134,RGB_cell_cylindrical_1134_211.png,116016
1134,RGB_cell_cylindrical_1134_294.png,116099
1134,RGB_cell_cylindrical_1134_022.png,115827
1134,RGB_cell_cylindrical_1134_238.png,116043
1134,RGB_cell_cylindrical_1134_218.png,116023
1134,RGB_cell_cylindrical_1134_172.png,115977
1134,RGB_cell_cylindrical_1134_133.png,115938
1134,RGB_cell_cylindrical_1134_037.png,115842
1135,RGB_cell_cylindrical_1135_211.png,116318
1135,RGB_cell_cylindrical_1135_296.png,116403
1135,RGB_cell_cylindrical_1135_022.png,116129
1135,RGB_cell_cylindrical_1135_238.png,116345
1135,RGB_cell_cylindrical_1135_218.png,116325
1135,RGB_cell_cylindrical_1135_172.png,116279
1135,RGB_cell_cylindrical_1135_135.png,116242
1135,RGB_cell_cylindrical_1135_037.png,116144
1136,RGB_cell_cylindrical_1136_184.png,116593
1136,RGB_cell_cylindrical_1136_205.png,116614
1136,RGB_cell_cylindrical_1136_129.png,116538
1136,RGB_cell_cylindrical_1136_248.png,116657
1136,RGB_cell_cylindrical_1136_024.png,116433
1136,RGB_cell_cylindrical_1136_159.png,116568
1136,RGB_cell_cylindrical_1136_237.png,116646
1136,RGB_cell_cylindrical_1136_288.png,116697
1137,RGB_cell_cylindrical_1137_211.png,116922
1137,RGB_cell_cylindrical_1137_294.png,117005
1137,RGB_cell_cylindrical_1137_022.png,116733
1137,RGB_cell_cylindrical_1137_236.png,116947
1137,RGB_cell_cylindrical_1137_216.png,116927
1137,RGB_cell_cylindrical_1137_172.png,116883
1137,RGB_cell_cylindrical_1137_133.png,116844
1137,RGB_cell_cylindrical_1137_035.png,116746
1138,RGB_cell_cylindrical_1138_211.png,117224
1138,RGB_cell_cylindrical_1138_294.png,117307
1138,RGB_cell_cylindrical_1138_022.png,117035
1138,RGB_cell_cylindrical_1138_236.png,117249
1138,RGB_cell_cylindrical_1138_216.png,117229
1138,RGB_cell_cylindrical_1138_172.png,117185
1138,RGB_cell_cylindrical_1138_133.png,117146
1138,RGB_cell_cylindrical_1138_035.png,117048
1139,RGB_cell_cylindrical_1139_211.png,117526
1139,RGB_cell_cylindrical_1139_294.png,117609
1139,RGB_cell_cylindrical_1139_022.png,117337
1139,RGB_cell_cylindrical_1139_238.png,117553
1139,RGB_cell_cylindrical_1139_218.png,117533
1139,RGB_cell_cylindrical_1139_172.png,117487
1139,RGB_cell_cylindrical_1139_133.png,117448
1139,RGB_cell_cylindrical_1139_037.png,117352
1140,RGB_cell_cylindrical_1140_211.png,117828
1140,RGB_cell_cylindrical_1140_296.png,117913
1140,RGB_cell_cylindrical_1140_022.png,117639
1140,RGB_cell_cylindrical_1140_238.png,117855
1140,RGB_cell_cylindrical_1140_218.png,117835
1140,RGB_cell_cylindrical_1140_172.png,117789
1140,RGB_cell_cylindrical_1140_135.png,117752
1140,RGB_cell_cylindrical_1140_037.png,117654
1141,RGB_cell_cylindrical_1141_184.png,118103
1141,RGB_cell_cylindrical_1141_205.png,118124
1141,RGB_cell_cylindrical_1141_129.png,118048
1141,RGB_cell_cylindrical_1141_248.png,118167
1141,RGB_cell_cylindrical_1141_024.png,117943
1141,RGB_cell_cylindrical_1141_159.png,118078
1141,RGB_cell_cylindrical_1141_237.png,118156
1141,RGB_cell_cylindrical_1141_288.png,118207
1142,RGB_cell_cylindrical_1142_211.png,118432
1142,RGB_cell_cylindrical_1142_294.png,118515
1142,RGB_cell_cylindrical_1142_022.png,118243
1142,RGB_cell_cylindrical_1142_236.png,118457
1142,RGB_cell_cylindrical_1142_216.png,118437
1142,RGB_cell_cylindrical_1142_172.png,118393
1142,RGB_cell_cylindrical_1142_133.png,118354
1142,RGB_cell_cylindrical_1142_035.png,118256
1143,RGB_cell_cylindrical_1143_211.png,118734
1143,RGB_cell_cylindrical_1143_294.png,118817
1143,RGB_cell_cylindrical_1143_022.png,118545
1143,RGB_cell_cylindrical_1143_236.png,118759
1143,RGB_cell_cylindrical_1143_216.png,118739
1143,RGB_cell_cylindrical_1143_172.png,118695
1143,RGB_cell_cylindrical_1143_133.png,118656
1143,RGB_cell_cylindrical_1143_035.png,118558
1144,RGB_cell_cylindrical_1144_211.png,119036
1144,RGB_cell_cylindrical_1144_294.png,119119
1144,RGB_cell_cylindrical_1144_022.png,118847
1144,RGB_cell_cylindrical_1144_238.png,119063
1144,RGB_cell_cylindrical_1144_218.png,119043
1144,RGB_cell_cylindrical_1144_172.png,118997
1144,RGB_cell_cylindrical_1144_133.png,118958
1144,RGB_cell_cylindrical_1144_037.png,118862
1145,RGB_cell_cylindrical_1145_211.png,119338
1145,RGB_cell_cylindrical_1145_296.png,119423
1145,RGB_cell_cylindrical_1145_022.png,119149
1145,RGB_cell_cylindrical_1145_238.png,119365
1145,RGB_cell_cylindrical_1145_218.png,119345
1145,RGB_cell_cylindrical_1145_172.png,119299
1145,RGB_cell_cylindrical_1145_135.png,119262
1145,RGB_cell_cylindrical_1145_037.png,119164
1146,RGB_cell_cylindrical_1146_184.png,119613
1146,RGB_cell_cylindrical_1146_205.png,119634
1146,RGB_cell_cylindrical_1146_129.png,119558
1146,RGB_cell_cylindrical_1146_248.png,119677
1146,RGB_cell_cylindrical_1146_024.png,119453
1146,RGB_cell_cylindrical_1146_159.png,119588
1146,RGB_cell_cylindrical_1146_237.png,119666
1146,RGB_cell_cylindrical_1146_288.png,119717
1147,RGB_cell_cylindrical_1147_211.png,119942
1147,RGB_cell_cylindrical_1147_294.png,120025
1147,RGB_cell_cylindrical_1147_022.png,119753
1147,RGB_cell_cylindrical_1147_236.png,119967
1147,RGB_cell_cylindrical_1147_216.png,119947
1147,RGB_cell_cylindrical_1147_172.png,119903
1147,RGB_cell_cylindrical_1147_133.png,119864
1147,RGB_cell_cylindrical_1147_035.png,119766
1148,RGB_cell_cylindrical_1148_211.png,120244
1148,RGB_cell_cylindrical_1148_294.png,120327
1148,RGB_cell_cylindrical_1148_022.png,120055
1148,RGB_cell_cylindrical_1148_236.png,120269
1148,RGB_cell_cylindrical_1148_216.png,120249
1148,RGB_cell_cylindrical_1148_172.png,120205
1148,RGB_cell_cylindrical_1148_133.png,120166
1148,RGB_cell_cylindrical_1148_035.png,120068
1149,RGB_cell_cylindrical_1149_211.png,120546
1149,RGB_cell_cylindrical_1149_294.png,120629
1149,RGB_cell_cylindrical_1149_022.png,120357
1149,RGB_cell_cylindrical_1149_238.png,120573
1149,RGB_cell_cylindrical_1149_218.png,120553
1149,RGB_cell_cylindrical_1149_172.png,120507
1149,RGB_cell_cylindrical_1149_133.png,120468
1149,RGB_cell_cylindrical_1149_037.png,120372
1150,RGB_cell_cylindrical_1150_211.png,120848
1150,RGB_cell_cylindrical_1150_296.png,120933
1150,RGB_cell_cylindrical_1150_022.png,120659
1150,RGB_cell_cylindrical_1150_238.png,120875
1150,RGB_cell_cylindrical_1150_218.png,120855
1150,RGB_cell_cylindrical_1150_172.png,120809
1150,RGB_cell_cylindrical_1150_135.png,120772
1150,RGB_cell_cylindrical_1150_037.png,120674
1151,RGB_cell_cylindrical_1151_184.png,121123
1151,RGB_cell_cylindrical_1151_205.png,121144
1151,RGB_cell_cylindrical_1151_129.png,121068
1151,RGB_cell_cylindrical_1151_248.png,121187
1151,RGB_cell_cylindrical_1151_024.png,120963
1151,RGB_cell_cylindrical_1151_159.png,121098
1151,RGB_cell_cylindrical_1151_237.png,121176
1151,RGB_cell_cylindrical_1151_288.png,121227
1152,RGB_cell_cylindrical_1152_211.png,121452
1152,RGB_cell_cylindrical_1152_294.png,121535
1152,RGB_cell_cylindrical_1152_022.png,121263
1152,RGB_cell_cylindrical_1152_236.png,121477
1152,RGB_cell_cylindrical_1152_216.png,121457
1152,RGB_cell_cylindrical_1152_172.png,121413
1152,RGB_cell_cylindrical_1152_133.png,121374
1152,RGB_cell_cylindrical_1152_035.png,121276
1153,RGB_cell_cylindrical_1153_211.png,121754
1153,RGB_cell_cylindrical_1153_294.png,121837
1153,RGB_cell_cylindrical_1153_022.png,121565
1153,RGB_cell_cylindrical_1153_236.png,121779
1153,RGB_cell_cylindrical_1153_216.png,121759
1153,RGB_cell_cylindrical_1153_172.png,121715
1153,RGB_cell_cylindrical_1153_133.png,121676
1153,RGB_cell_cylindrical_1153_035.png,121578
1154,RGB_cell_cylindrical_1154_219.png,122064
1154,RGB_cell_cylindrical_1154_294.png,122139
1154,RGB_cell_cylindrical_1154_024.png,121869
1154,RGB_cell_cylindrical_1154_242.png,122087
1154,RGB_cell_cylindrical_1154_223.png,122068
1154,RGB_cell_cylindrical_1154_182.png,122027
1154,RGB_cell_cylindrical_1154_148.png,121993
1154,RGB_cell_cylindrical_1154_041.png,121886
1155,RGB_cell_cylindrical_1155_031.png,122178
1155,RGB_cell_cylindrical_1155_009.png,122156
1155,RGB_cell_cylindrical_1155_191.png,122338
1155,RGB_cell_cylindrical_1155_262.png,122409
1155,RGB_cell_cylindrical_1155_298.png,122445
1155,RGB_cell_cylindrical_1155_250.png,122397
1155,RGB_cell_cylindrical_1155_239.png,122386
1155,RGB_cell_cylindrical_1155_189.png,122336
1156,RGB_cell_cylindrical_1156_033.png,122482
1156,RGB_cell_cylindrical_1156_009.png,122458
1156,RGB_cell_cylindrical_1156_118.png,122567
1156,RGB_cell_cylindrical_1156_138.png,122587
1156,RGB_cell_cylindrical_1156_133.png,122582
1156,RGB_cell_cylindrical_1156_217.png,122666
1156,RGB_cell_cylindrical_1156_294.png,122743
1156,RGB_cell_cylindrical_1156_109.png,122558
